place,ctr_1857,ctr_1863,change,row
"Heinrichshall",1981,1642,-339,"r2"
"Greiz",2932,,-2932,"r2"
"Berga",924,954,30,"r2"
"Gera",2310,2868,558,"r3"
"Möschlitz",671,,-671,"r3"
"Münchenbernsdorf",466,563,97,"r3"
"Schleiz",1996,2049,53,"r4"
"Zeulenroda",546,,-546,"r4"
"Neustadt a. d. Orla",1462,1959,497,"r4"
"Hohenleuben",720,677,-43,"r5"
"Gefell",398,424,26,"r5"
"Weida",1189,1141,-48,"r5"
"Saalburg",386,394,8,"r6"
"Ranis",791,773,-18,"r6"
"Liebschwitz",246,172,-74,"r6"
"Lobenstein",2068,2031,-37,"r7"
"Ziegenrück",455,485,30,"r7"
"Hof",5269,5550,281,"r7"
"Hirschberg",652,659,7,"r8"
"Auma",1565,1537,-28,"r8"
