trade,trade_en,s_staedte,g_staedte,d_staedte,f_staedte,s_plattland,g_plattland,d_plattland,f_plattland,s_gesamt,share_staedte,label_de,label_en
"Colonial- und Materialhändler","Colonial and general-goods dealers",76,91,65,191,41,17,20,110,117,64.96,"Colonial- u. Materialhändler (117)","Colonial and general goods (117)"
"Victualienhändler","Provisions dealers",79,,4,91,107,1,3,133,186,42.47,"Victualienhändler (186)","Provisions dealers (186)"
"Getreidehändler","Grain dealers",4,,,9,6,1,,17,10,40.0,"Getreidehändler (10)","Grain dealers (10)"
"Viehhändler","Cattle dealers",3,,,5,25,4,4,62,28,10.71,"Viehhändler (28)","Cattle dealers (28)"
"Lederhändler","Leather dealers",4,1,1,10,2,2,1,3,6,66.67,"Lederhändler (6)","Leather dealers (6)"
"Schnitt-, Putz- und Modewaarenhändler","Drapers, millinery and fashion dealers",49,26,22,126,8,2,1,7,57,85.96,"Schnitt- u. Modewaarenhändler (57)","Drapers and fashion dealers (57)"
"Strumpf- und Zwirnhändler","Hosiery and thread dealers",10,,,8,7,,,5,17,58.82,"Strumpf- u. Zwirnhändler (17)","Hosiery and thread dealers (17)"
"Galanteriewaarenhändler","Fancy-goods dealers",18,10,13,39,6,1,1,9,24,75.0,"Galanteriewaarenhändler (24)","Fancy-goods dealers (24)"
"Holzhändler","Timber dealers",5,,2,17,22,,6,68,27,18.52,"Holzhändler (27)","Timber dealers (27)"
"Buch-, Kunst- und Musikalienhändler","Book, art and music dealers",11,14,11,31,1,1,,,12,91.67,"Buch-, Kunst-, Musikalienh. (12)","Book, art and music dealers (12)"
"Banquiers","Bankers",5,9,13,47,,,,,5,100.0,"Banquiers (5)","Bankers (5)"
"Agenten, Spediteurs, Mäkler und Commissionäre","Agents, forwarders, brokers and commission merchants",36,7,21,78,,,,,36,100.0,"Agenten, Spediteurs u. a. (36)","Agents, forwarders, brokers (36)"
"Schenk- und Gastwirthe","Innkeepers and publicans",63,52,125,227,167,12,179,577,230,27.39,"Schenk- u. Gastwirthe (230)","Innkeepers and publicans (230)"
"Miethkutscher und Frachtfuhrleute","Hackney coachmen and carriers",49,6,27,147,28,3,11,62,77,63.64,"Miethkutscher, Frachtfuhrleute (77)","Coachmen and carriers (77)"
"Sonstige Händler","Other dealers",84,61,24,192,41,16,10,85,125,67.2,"Sonstige Händler (125)","Other dealers (125)"
