district,branch,area,s,g,d,f,persons,sg,row
"Gera","Nahrung","Städte",89,118,71,272,550,207,"r3"
"Gera","Nahrung","Plattland",122,121,116,493,852,243,"r3"
"Gera","Kleidung","Städte",1048,1024,173,2637,4882,2072,"r4"
"Gera","Kleidung","Plattland",592,304,10,1169,2075,896,"r4"
"Gera","Bauhandwerker","Städte",83,186,19,458,746,269,"r5"
"Gera","Bauhandwerker","Plattland",78,887,21,1609,2595,965,"r5"
"Gera","Hausausstattung","Städte",422,751,91,1467,2731,1173,"r6"
"Gera","Hausausstattung","Plattland",263,311,29,851,1454,574,"r6"
"Gera","Sonstige","Städte",386,89,6,722,1203,475,"r7"
"Gera","Sonstige","Plattland",352,37,10,606,1005,389,"r7"
"Schleiz","Nahrung","Städte",101,60,58,306,525,161,"r10"
"Schleiz","Nahrung","Plattland",95,62,82,335,574,157,"r10"
"Schleiz","Kleidung","Städte",809,381,24,1858,3072,1190,"r11"
"Schleiz","Kleidung","Plattland",1526,760,22,3927,6235,2286,"r11"
"Schleiz","Bauhandwerker","Städte",36,91,6,233,366,127,"r12"
"Schleiz","Bauhandwerker","Plattland",44,704,8,1511,2267,748,"r12"
"Schleiz","Hausausstattung","Städte",215,124,26,547,912,339,"r13"
"Schleiz","Hausausstattung","Plattland",204,104,21,469,798,308,"r13"
"Schleiz","Sonstige","Städte",27,35,6,123,191,62,"r14"
"Schleiz","Sonstige","Plattland",20,3,,15,38,23,"r14"
"Lobenstein-Ebersdorf","Nahrung","Städte",70,38,38,246,392,108,"r17"
"Lobenstein-Ebersdorf","Nahrung","Plattland",106,64,66,387,623,170,"r17"
"Lobenstein-Ebersdorf","Kleidung","Städte",351,248,35,976,1610,599,"r18"
"Lobenstein-Ebersdorf","Kleidung","Plattland",620,180,22,1186,2008,800,"r18"
"Lobenstein-Ebersdorf","Bauhandwerker","Städte",29,83,3,171,286,112,"r19"
"Lobenstein-Ebersdorf","Bauhandwerker","Plattland",79,1032,19,2062,3192,1111,"r19"
"Lobenstein-Ebersdorf","Hausausstattung","Städte",122,74,10,349,555,196,"r20"
"Lobenstein-Ebersdorf","Hausausstattung","Plattland",238,167,33,716,1154,405,"r20"
"Lobenstein-Ebersdorf","Sonstige","Städte",18,2,1,24,45,20,"r21"
"Lobenstein-Ebersdorf","Sonstige","Plattland",91,1,,101,193,92,"r21"
