district,year,families,male,female,total,growth_printed,growth_computed,index_1647
"Gera",1647,1865,,,8392,,,100.0
"Gera",1794,,,,19523,0.58,0.58,232.6
"Gera",1833,,,,26566,0.92,0.79,316.6
"Gera",1834,5962,13420,13939,27359,2.98,2.99,326.0
"Gera",1837,5996,13859,14333,28192,1.01,1.0,335.9
"Gera",1840,6113,14264,14564,28828,0.75,0.75,343.5
"Gera",1843,6241,14302,14887,29189,0.42,0.42,347.8
"Gera",1846,6262,14844,15278,30122,1.07,1.05,358.9
"Gera",1849,6740,15491,15882,31373,1.38,1.37,373.8
"Gera",1852,6881,15989,16389,32378,1.07,1.06,385.8
"Gera",1855,7139,16050,16375,32425,0.05,0.05,386.4
"Gera",1858,7179,16660,16926,33586,1.19,1.18,400.2
"Gera",1861,7400,17234,17438,34672,1.08,1.07,413.2
"Gera",1864,8348,18360,18438,36798,2.04,2.0,438.5
"Gera",1867,8094,19028,19224,38252,1.31,1.3,455.8
"Schleiz",1647,2022,,,9068,,,100.0
"Schleiz",1833,,,,21906,0.48,0.48,241.6
"Schleiz",1834,4638,10849,11177,22026,0.55,0.55,242.9
"Schleiz",1837,4682,11228,11211,22439,0.62,0.62,247.5
"Schleiz",1840,4835,11728,11861,23589,1.71,1.68,260.1
"Schleiz",1843,5306,12072,12073,24145,0.79,0.78,266.3
"Schleiz",1846,5120,12440,12428,24868,1.0,0.99,274.2
"Schleiz",1849,5084,12282,12505,24787,-0.11,-0.11,273.3
"Schleiz",1852,5526,12362,12712,25074,0.39,0.38,276.5
"Schleiz",1855,5359,12363,12819,25182,0.14,0.14,277.7
"Schleiz",1858,5655,12687,13015,25702,0.69,0.68,283.4
"Schleiz",1861,5701,12987,13370,26357,0.85,0.84,290.7
"Schleiz",1864,6028,13356,13819,27174,1.03,1.02,299.7
"Schleiz",1867,6066,13412,13956,27368,0.24,0.24,301.8
"Lobenstein-Ebersdorf",1647,1433,,,6453,,,100.0
"Lobenstein-Ebersdorf",1784,,,,12957,0.51,0.51,200.8
"Lobenstein-Ebersdorf",1833,,,,20265,1.15,0.92,314.0
"Lobenstein-Ebersdorf",1834,,,,19948,-1.56,-1.56,309.1
"Lobenstein-Ebersdorf",1837,4424,10121,10739,20860,1.52,1.5,323.3
"Lobenstein-Ebersdorf",1840,4230,10271,11100,21371,0.82,0.81,331.2
"Lobenstein-Ebersdorf",1843,4448,10388,11161,21549,0.28,0.28,333.9
"Lobenstein-Ebersdorf",1846,4269,10624,11402,22026,0.74,0.73,341.3
"Lobenstein-Ebersdorf",1849,4669,10475,11328,21803,-0.34,-0.34,337.9
"Lobenstein-Ebersdorf",1852,4672,10835,11537,22372,0.87,0.86,346.7
"Lobenstein-Ebersdorf",1855,4701,10937,11659,22596,0.33,0.33,350.2
"Lobenstein-Ebersdorf",1858,4881,10886,11632,22518,-0.12,-0.12,349.0
"Lobenstein-Ebersdorf",1861,4740,10696,11635,22331,-0.28,-0.28,346.1
"Lobenstein-Ebersdorf",1864,5036,10695,11804,22499,0.25,0.25,348.7
"Lobenstein-Ebersdorf",1867,4792,10744,11610,22354,-0.21,-0.22,346.4
"Fürstentum",1647,5318,,,23913,,,100.0
"Fürstentum",1833,,,,68737,0.57,0.57,287.4
"Fürstentum",1834,,,,69333,0.69,0.87,289.9
"Fürstentum",1837,15102,35208,36283,71491,1.04,1.03,299.0
"Fürstentum",1840,15178,36263,37525,73788,1.07,1.06,308.6
"Fürstentum",1843,15995,36762,38121,74883,0.5,0.49,313.1
"Fürstentum",1846,15651,37908,39108,77016,0.95,0.94,322.1
"Fürstentum",1849,16493,38248,39715,77963,0.41,0.41,326.0
"Fürstentum",1852,17079,39186,40638,79824,0.8,0.79,333.8
"Fürstentum",1855,17199,39350,40853,80203,0.16,0.16,335.4
"Fürstentum",1858,17715,40233,41573,81806,0.67,0.66,342.1
"Fürstentum",1861,17841,40917,42443,83360,0.63,0.63,348.6
"Fürstentum",1864,19412,42411,44061,86472,1.24,1.23,361.6
"Fürstentum",1867,18952,43184,44790,87974,0.57,0.58,367.9
