unit_id,section,quantity,district,district_printed,unit,definition_printed,n_kannen,kanne_in_quart,ref_length_par_lin,value_printed,unit_printed,value_base,unit_base,recomputed_base,deviation_pct,check,recompute_rule,label,note,page,block,ref
"U01","I","length","ganzes Fürstenthum","im ganzen Fürstenthume","Baufuß","1 Baufuß (leipziger Werkmaß)",,,,0.282655,"Meter",0.282655,"m",0.282655,0.0,"ok","125,3 par. L. ÷ 443,296 par. L./m (Fuß des leipziger Maßes, S. 832)","Baufuß","","831","b8","r2"
"U02","I","length","ganzes Fürstenthum","im ganzen Fürstenthume","preuß. Fuß","1 preuß. Fuß (139,13 pariser Linien)",,,139.13,0.313853,"Meter",0.313853,"m",0.313853,0.0,"ok","139,13 par. L. ÷ 443,296 par. L./m","preuß. Fuß","","831","b8","r3"
"U03","I","length","ganzes Fürstenthum","im ganzen Fürstenthume","preuß. Ruthe","1 preuß. Ruthe (12 Fuß)",,,,3.766242,"Meter",3.766242,"m",3.766236,0.0002,"ok","12 × preuß. Fuß (gedruckter Wert)","preuß. Ruthe","","831","b8","r4"
"U04","I","length","Gera","in Gera","Elle","1 Elle (253,47 par. Lin.)",,,253.47,0.572394,"Meter",0.572394,"m",0.571785,0.1065,"abweichend","253,47 par. L. ÷ 443,296 par. L./m","Elle (Gera)","","831","b8","r6"
"U05","I","length","Schleiz","in Schleiz, Tanna und Hohenleuben","Elle","1 Elle (leipz. Elle zu 250,6 par. L.)",,,250.6,0.565311,"Meter",0.565311,"m",0.565311,0.0,"ok","250,6 par. L. ÷ 443,296 par. L./m","Elle (Schleiz)","","831","b8","r8"
"U06","I","length","Saalburg","in Saalburg","Elle","1 Elle (1 Elle 1 3/4 Zoll leipz. Maß)",,,,0.606531,"Meter",0.606531,"m",0.606532,-0.0002,"ok","leipziger Elle (gedruckter Wert) × 25,75/24 (1 Elle = 24 Zoll, Zusatz 1 3/4 Zoll)","Elle (Saalburg)","","831","b8","r10"
"U07","I","length","Lobenstein","in Lobenstein","Elle","1 Elle (261,83 par. L.)",,,261.83,0.590644,"Meter",0.590644,"m",0.590644,0.0,"ok","261,83 par. L. ÷ 443,296 par. L./m","Elle (Lobenstein)","","831","b8","r12"
"U08","I","length","Hirschberg","in Hirschberg","Elle","1 Elle (alte hofer Elle zu 282,3 par. L.)",,,282.3,0.63682,"Meter",0.63682,"m",0.636821,-0.0002,"ok","282,3 par. L. ÷ 443,296 par. L./m","Elle (Hirschberg)","","831","b8","r14"
"U09","II","area","ohne Angabe","","sächsische Quadratelle","1 sächsische Quadratelle (Baumaß)",,,,0.319576,"Quadratmeter",0.319576,"m²",0.319577,-0.0003,"ok","(leipziger Elle 0,565311 m)²","sächsische Quadratelle","","832","b2","l1"
"U10","II","area","ohne Angabe","","preuß. Quadratruthe","1 preuß. Quadratruthe",,,,14.184579,"Quadratmeter",14.184579,"m²",14.184579,0.0,"ok","(preuß. Ruthe 3,766242 m)²","preuß. Quadratruthe","","832","b2","l2"
"U11","II","area","ohne Angabe","","preuß. Morgen","1 preuß. Morgen (180 Quadratruthen)",,,,0.255322,"Hectaren",2553.22,"m²",2553.22422,-0.0002,"ok","180 × preuß. Quadratruthe (gedruckter Wert)","preuß. Morgen","","832","b2","l3"
"U12","III","capacity","Gera","in Gera","Kanne","1 Kanne (5/6 preuß. Quart)",,"5/6",,0.9542,"Liter",0.9542,"L",0.954167,0.0035,"ok","5/6 × 1 preuß. Quart (= Kanne in Hirschberg, 1,1450 L)","Kanne (Gera)","","832","b4","l2"
"U13","III","capacity","Gera","in Gera","Eimer","1 Eimer (72 Kannen)",72,,,0.687,"Hectoliter",68.7,"L",68.7024,-0.0035,"ok","72 Kannen × 0,9542 L (Kanne in Gera)","Eimer (Gera)","","832","b4","l3"
"U14","III","capacity","Gera","in Gera","dresdner Scheffel","1 dresdner Scheffel",,,,1.0383,"Hectoliter",103.83,"L",,,"","","dresdner Scheffel (Gera)","","832","b4","l4"
"U15","III","capacity","Schleiz","in Schleiz und Tanna","Kanne","1 Kanne (3/4 preuß. Quart)",,"3/4",,0.8588,"Liter",0.8588,"L",0.85875,0.0058,"ok","3/4 × 1 preuß. Quart (= Kanne in Hirschberg, 1,1450 L)","Kanne (Schleiz)","","832","b4","l6"
"U16","III","capacity","Schleiz","in Schleiz und Tanna","Eimer","1 Eimer (72 Kannen)",72,,,0.6183,"Hectoliter",61.83,"L",61.8336,-0.0058,"ok","72 Kannen × 0,8588 L (Kanne in Schleiz)","Eimer (Schleiz)","","832","b4","l7"
"U17","III","capacity","Schleiz","in Schleiz und Tanna","Viertel Getreidemaß","1 Viertel Getreidemaß (56 Kannen)",56,,,0.4809,"Hectoliter",48.09,"L",48.0928,-0.0058,"ok","56 Kannen × 0,8588 L (Kanne in Schleiz)","Viertel Getreidemaß (Schleiz)","","832","b4","l8"
"U18","III","capacity","Schleiz","in Schleiz und Tanna","Scheffel","1 Scheffel (4 Viertel oder 224 K.)",224,,,1.4237,"Hectoliter",142.37,"L",192.3712,-25.992,"abweichend","224 Kannen × 0,8588 L (Kanne in Schleiz)","Scheffel (Schleiz)","","832","b4","l9"
"U19","III","capacity","Lobenstein","in Lobenstein","Kanne","1 Kanne (32/41 preuß. Quart)",,"32/41",,0.8937,"Liter",0.8937,"L",0.893659,0.0046,"ok","32/41 × 1 preuß. Quart (= Kanne in Hirschberg, 1,1450 L)","Kanne (Lobenstein)","","832","b4","l11"
"U20","III","capacity","Lobenstein","in Lobenstein","Eimer","1 Eimer (72 Kannen)",72,,,0.6435,"Hectoliter",64.35,"L",64.3464,0.0056,"ok","72 Kannen × 0,8937 L (Kanne in Lobenstein)","Eimer (Lobenstein)","","832","b4","l12"
"U21","III","capacity","Lobenstein","in Lobenstein","Achtel Kornmaß","1 Achtel Kornmaß (28 Kannen)",28,,,0.2502,"Hectoliter",25.02,"L",25.0236,-0.0144,"ok","28 Kannen × 0,8937 L (Kanne in Lobenstein)","Achtel Kornmaß (Lobenstein)","","832","b4","l13"
"U22","III","capacity","Lobenstein","in Lobenstein","Achtel Hafermaß","1 Achtel Hafermaß (34 Kannen)",34,,,0.3039,"Hectoliter",30.39,"L",30.3858,0.0138,"ok","34 Kannen × 0,8937 L (Kanne in Lobenstein)","Achtel Hafermaß (Lobenstein)","","832","b4","l14"
"U23","III","capacity","Hirschberg","in Hirschberg","Kanne","1 Kanne (1 preuß. Quart)",,"1",,1.145,"Liter",1.145,"L",,,"","","Kanne (Hirschberg)","","832","b4","l16"
"U24","III","capacity","Hirschberg","in Hirschberg","Eimer","1 Eimer (64 Kannen)",64,,,0.7328,"Hectoliter",73.28,"L",73.28,0.0,"ok","64 Kannen × 1,145 L (Kanne in Hirschberg)","Eimer (Hirschberg)","","832","b4","l17"
"U25","III","capacity","Hirschberg","in Hirschberg","Achtel Getreidemaß","1 Achtel Getreidemaß (24 Kannen)",24,,,0.2748,"Hectoliter",27.48,"L",27.48,0.0,"ok","24 Kannen × 1,145 L (Kanne in Hirschberg)","Achtel Getreidemaß (Hirschberg)","","832","b4","l18"
"U26","IV","weight","ohne Angabe","","Pfund","1 Pfund (Zollpfund)",,,,0.5,"Kilogramm",0.5,"kg",,,"","","Pfund","","832","b6","l1"
"U27","V","firewood","Gera","im Landestheil Gera","leipziger Kubikfuß","1 leipziger Kubikfuß",,,125.3,0.022582,"Kubikmeter",0.022582,"m³",0.022582,0.0,"ok","(Baufuß 0,282655 m)³","leipziger Kubikfuß (Gera)","","832","b8","l3"
"U28","V","firewood","Gera","im Landestheil Gera","Klafter","1 Klafter, 6 Fuß weit, 6 Fuß hoch, 3 1/2 Fuß Scheitlänge (126 Kubikfuß)",,,125.3,2.8454,"Kubikmeter",2.8454,"m³",2.845332,0.0024,"ok","126 Kubikfuß × 0,022582 m³","Klafter (Gera)","","832","b8","l4"
"U29","V","firewood","Gera","im Landestheil Gera","Klafter","1 Klafter, 6 Fuß weit, 6 Fuß hoch, 2 1/2 Fuß Scheitlänge (90 Kubikfuß)",,,125.3,2.0324,"Kubikmeter",2.0324,"m³",2.03238,0.001,"ok","90 Kubikfuß × 0,022582 m³","Klafter (Gera)","","832","b8","l5"
"U30","V","firewood","Gera","im Landestheil Gera","Klafter","1 Klafter, 6 Fuß weit, 6 Fuß hoch, 2 Fuß Scheitlänge (72 Kubikfuß)",,,125.3,1.6259,"Kubikmeter",1.6259,"m³",1.625904,-0.0002,"ok","72 Kubikfuß × 0,022582 m³","Klafter (Gera)","","832","b8","l6"
"U31","V","firewood","Schleiz","im Landestheil Schleiz (leipziger Maß, wie bei Gera)","Klafter","1 Klafter, 6 1/4 Fuß weit, 6 1/4 Fuß hoch, 3 1/2 Fuß Scheitlänge (136 23/32 Kubikfuß)",,,125.3,3.0874,"Kubikmeter",3.0874,"m³",3.087383,0.0006,"ok","136 23/32 Kubikfuß × 0,022582 m³","Klafter (Schleiz)","Fuß wie bei Gera (leipziger Maß) – Angabe im Kopf des Abschnitts","832","b8","l8"
"U32","V","firewood","Schleiz","im Landestheil Schleiz (leipziger Maß, wie bei Gera)","Klafter","1 Klafter, 6 Fuß weit, 6 1/2 Fuß hoch, 3 1/2 Fuß Scheitlänge (136 1/2 Kubikfuß)",,,125.3,3.0825,"Kubikmeter",3.0825,"m³",3.082443,0.0018,"ok","136 1/2 Kubikfuß × 0,022582 m³","Klafter (Schleiz)","Fuß wie bei Gera (leipziger Maß) – Angabe im Kopf des Abschnitts","832","b8","l9"
"U33","V","firewood","Schleiz","im Landestheil Schleiz (leipziger Maß, wie bei Gera)","Klafter","1 Klafter, 6 Fuß weit, 6 Fuß hoch, 3 Fuß Scheitlänge (108 Kubikfuß)",,,125.3,2.4389,"Kubikmeter",2.4389,"m³",2.438856,0.0018,"ok","108 Kubikfuß × 0,022582 m³","Klafter (Schleiz)","Fuß wie bei Gera (leipziger Maß) – Angabe im Kopf des Abschnitts","832","b8","l10"
"U34","V","firewood","Lobenstein","im Landestheil Lobenstein-Ebersdorf (nürnberger Maß, den Fuß zu 134,775 par. Linien)","Klafter","1 Klafter, 6 Fuß weit, 6 Fuß hoch, 3 1/2 Fuß Scheitlänge (126 nürnberger Kubikellen)",,,134.75,3.539,"Kubikmeter",3.539,"m³",3.538958,0.0012,"ok","126 × (134,75 par. L. ÷ 443,296)³","Klafter (Lobenstein)","Fuß zu 134,75 par. Linien (Druck; die Transkription liest 134,775, siehe transcription_issues)","832","b8","l12"
"U35","VI","stone","Gera","im Landestheil Gera","Ruthe","1 Ruthe (8 Ellen lang, 8 Ellen breit, 1 1/2 Elle hoch oder 96 leipz. Kubikellen)",,,,17.3434,"Kubikmeter",17.3434,"m³",17.343372,0.0002,"ok","96 leipziger Kubikellen × (0,565311 m)³","Ruthe (Gera)","","832","b10","l2"
"U36","VI","stone","Schleiz","im Landestheil Schleiz","Schachtruthe","1 Schachtruthe (6 Ellen lang, 3 Ellen breit, 1 1/2 Elle hoch oder 27 leipz. Kubikellen)",,,,4.8778,"Kubikmeter",4.8778,"m³",4.877823,-0.0005,"ok","27 leipziger Kubikellen × (0,565311 m)³","Schachtruthe (Schleiz)","","832","b10","l4"
"U37","VI","stone","Lobenstein","im Landestheil Lobenstein-Ebersdorf","Ruthe/Schachtruthe","die geraische Ruthe gilt beim Chausseebau, die schleizer Schachtruthe auch im Privatverkehr",,,,,"",,"",,,"","","Ruthe/Schachtruthe (Lobenstein)","","832","b10","l6"
"U38","VII","distance","ohne Angabe","","preuß. Meile","1 preuß. Meile (2000 preuß. Ruthen)",,,,1.0043,"künftige Meile",7532.25,"m",7532.484,-0.0031,"ok","2000 preuß. Ruthen × 3,766242 m","preuß. Meile","","832","b12","l1"
"U39","VII","distance","ohne Angabe","","geographische Meile","1 geographische Meile",,,,0.9894,"künftige Meile",7420.5,"m",,,"","","geographische Meile","","832","b12","l2"
