entry_no,page,row,copies,title,name_printed,occupation_printed,place_printed,place,place_qualifier,region,entity_type,group,institution_kind,noble_particle
1,"835","r2",12,"Se. hochfürstl. Durchlaucht Herr","Heinrich XIV.","gnädigst regierender Fürst Reuß j. L.","Schloß Osterstein","Osterstein","Schloß","gera","person","court","",0
2,"835","r3",8,"Ihro Königl. Hoheit Frau","Agnes","gnädigst regierende Fürstin Reuß j. L.","Schloß Osterstein","Osterstein","Schloß","gera","person","court","",0
3,"835","r4",4,"Ihro hochfürstl. Durchlaucht Frau","Adelheid","verw. Fürstin Reuß j. L.","Schloß Osterstein","Osterstein","Schloß","gera","person","court","",0
4,"835","r5",1,"Se. hochfürstl. Durchlaucht Herr","Heinrich XXII.","gnädigst regierender Fürst Reuß ä. L.","Schloß Greiz","Greiz","Schloß","outside","person","court","",0
5,"835","r6",5,"","Ministerium, fürstl.","","Gera","Gera","","gera","institution","institutions","authority",0
6,"835","r7",1,"Herr","Adler","Pastor","Gahma","Gahma","","lobenstein","person","clergy","",0
7,"835","r8",1,"Herr","Adler","Oberlehrer","Triebes","Triebes","","schleiz","person","teachers","",0
8,"835","r9",1,"Herr","Adler","Revierförster","Heinrichsruhe","Heinrichsruhe","","schleiz","person","forestry_mining","",0
9,"835","r10",1,"Herr","Aehle","Lehrer","Lobenstein","Lobenstein","","lobenstein","person","teachers","",0
10,"835","r11",1,"Herr","Alberti","Bürgermeister Dr.","Schleiz","Schleiz","","schleiz","person","officials","",0
11,"835","r12",1,"Herr","Alberti","Diaconus","Schleiz","Schleiz","","schleiz","person","clergy","",0
12,"835","r13",1,"Herr","Alberti","Geh. Justizrath","Gera","Gera","","gera","person","officials","",0
13,"835","r14",1,"Herr","Albrecht, E.","Gastgeber","Ebersdorf","Ebersdorf","","lobenstein","person","trade","",0
14,"835","r15",1,"Herr","Alt, Joh.","Buchhandlung","Frankfurt a. M","Frankfurt a. M.","","outside","person","booksellers","",0
15,"835","r16",1,"Herr","Amthor","Director, Dr.","Gera","Gera","","gera","person","others","",0
16,"835","r17",1,"Herr","Anton, Ed.","Buchhandlung","Halle","Halle","","outside","person","booksellers","",0
17,"835","r18",1,"Herr","Aschenbach","pract. Arzt","Lobenstein","Lobenstein","","lobenstein","person","others","",0
18,"835","r19",1,"Herr","Avianus","Posthalter","Ebersdorf","Ebersdorf","","lobenstein","person","officials","",0
19,"835","r20",1,"Herr","Baerecke","Hofbuchhandlung","Eisenach","Eisenach","","outside","person","booksellers","",0
20,"835","r21",1,"Herr","Bauer, Gust.","Kaufmann","Gera","Gera","","gera","person","trade","",0
21,"835","r22",1,"Herr","Bauer","Catechet","Lobenstein","Lobenstein","","lobenstein","person","clergy","",0
22,"835","r23",1,"Herr","Baumgärtel","Oeconom","Rusitz","Rusitz","","gera","person","farmers","",0
23,"835","r24",1,"Herr","Becker","Lehrer","Schleiz","Schleiz","","schleiz","person","teachers","",0
24,"835","r25",1,"Herr","Behr","pract. Arzt","Gera","Gera","","gera","person","others","",0
25,"836","r2",1,"Herr","Bergner","Oberlehrer","Hirschberg","Hirschberg","","lobenstein","person","teachers","",0
26,"836","r3",1,"Herr","Bergner","Pastor","Saara","Saara","Groß-/Kleinsaara","gera","person","clergy","",0
27,"836","r4",1,"Herr","Bertram","Buchhandlung","Sondershausen","Sondershausen","","outside","person","booksellers","",0
28,"836","r5",1,"Herr","Beuchel, G.","Mühlenbesitzer","Kraftsdorf","Kraftsdorf","","gera","person","trade","",0
29,"836","r6",1,"Herr","Beyer","Pastor","Rückersdorf","Rückersdorf","","outside","person","clergy","",0
30,"836","r7",1,"","Bibliothek, großherzogl.","","Weimar","Weimar","","outside","institution","institutions","library",0
31,"836","r8",1,"Herr","Bindewald, Jul.","Buchhandlung","Greifswald","Greifswald","","outside","person","booksellers","",0
32,"836","r9",1,"Herr","Blank","Cantor","Ebersdorf","Ebersdorf","","lobenstein","person","teachers","",0
33,"836","r10",1,"Herr","Bodenhausen","Apotheker","Wurzbach","Wurzbach","","lobenstein","person","others","",0
34,"836","r11",1,"Herr","Braune","Oberpfarrer","Tanna","Tanna","","schleiz","person","clergy","",0
35,"836","r12",2,"Herr","Bredt, Herm.","Buchhandlung","Greiz","Greiz","","outside","person","booksellers","",0
36,"836","r13",1,"Herr","v. Bretschneider","Geheimrath, Dr.","Gera","Gera","","gera","person","officials","",1
37,"836","r14",1,"Herr","Brömel","Lehrer","Frankenthal","Frankenthal","","gera","person","teachers","",0
38,"836","r15",1,"Herr","Burdach, H.","Buchhandlung","Dresden","Dresden","","outside","person","booksellers","",0
39,"836","r16",1,"Herr","Burkhardt","Fournierschneidemühle","Cuba bei Gera","Cuba","bei Gera","gera","person","trade","",0
40,"836","r17",1,"Herr","Buschendorf","Pastor","Roben","Roben","","gera","person","clergy","",0
41,"836","r18",1,"Herr","Büttner","Lehrer","Saaldorf","Saaldorf","","lobenstein","person","teachers","",0
42,"836","r19",1,"Herr","v. Cramm-Lesse","Kammerherr, Baron","Schloß Osterstein","Osterstein","Schloß","gera","person","court","",1
43,"836","r20",1,"Herr","v. Criegern","Kirchenrath","Gera","Gera","","gera","person","clergy","",1
44,"836","r21",1,"Herr","Creuzbauer","Hofbuchhandlung","Karlsruhe","Karlsruhe","","outside","person","booksellers","",0
45,"836","r22",1,"Herr","Dönitz","Kammergutspachter","Dettersdorf","Oettersdorf","gedruckt Dettersdorf","schleiz","person","farmers","",0
46,"836","r23",1,"Herr","Dietrich","Catechet, Oberlehrer","Gera","Gera","","gera","person","teachers","",0
47,"836","r24",1,"Herr","Dürr","Bürgermeister","Lehesten","Lehesten","","lobenstein","person","officials","",0
48,"836","r25",1,"Herr","Eberhardt","Kupferstecher","Untermhaus","Untermhaus","","gera","person","craftsmen","",0
49,"836","r26",1,"Herr","Edel","Revierförster","Spaniershammer","Spaniershammer","","lobenstein","person","forestry_mining","",0
50,"836","r27",1,"Herr","Eisel","Justizamtmann","Schleiz","Schleiz","","schleiz","person","officials","",0
51,"836","r28",1,"Herr","Eisel, Robert","Kaufmann","Gera","Gera","","gera","person","trade","",0
52,"836","r29",1,"Herr","v. Eye, L.","Buchhandlung","Meiningen","Meiningen","","outside","person","booksellers","",1
53,"836","r30",2,"Herr","Ferber, Rud.","Commerzienrath","Gera","Gera","","gera","person","trade","",0
54,"836","r31",1,"Herr","Ferber, Walther","Kaufmann","Gera","Gera","","gera","person","trade","",0
55,"836","r32",1,"Herr","Fichtelmann","Steiger","Zechenhaus bei Lobenstein","Zechenhaus","bei Lobenstein","lobenstein","person","forestry_mining","",0
56,"836","r33",1,"Herr","Focke, Herm.","Kaufmann","Gera","Gera","","gera","person","trade","",0
57,"836","r34",1,"Herr","Frank","Revierförster","Wüstendittersdorf","Wüstendittersdorf","","schleiz","person","forestry_mining","",0
58,"836","r35",1,"Herr","Franke","Director","Gera","Gera","","gera","person","others","",0
59,"836","r36",1,"Herr","Fröb","Rentmeister","Ebersdorf","Ebersdorf","","lobenstein","person","officials","",0
60,"836","r37",1,"Herr","Fröhlich","Buchbinder","Gera","Gera","","gera","person","craftsmen","",0
61,"836","r38",1,"Herr","Fröhlich","Hypoth.-Buchführer","Schleiz","Schleiz","","schleiz","person","officials","",0
62,"836","r39",1,"Herr","Frommhold","Pastor","Oschitz","Oschitz","","schleiz","person","clergy","",0
63,"836","r40",1,"Herr","Frommhold, Gust.","Kaufmann","Schleiz","Schleiz","","schleiz","person","trade","",0
64,"836","r41",1,"Herr","Gedicke","Kaufmann","Greiz","Greiz","","outside","person","trade","",0
65,"836","r42",1,"Herr","Gehrt","Gutsbesitzer","Groitschen","Groitschen","","gera","person","farmers","",0
66,"836","r43",1,"","Gener.-Direction d. Magdeburger Landfeuer-Societät","","Altenhausen","Altenhausen","","outside","institution","institutions","company",0
67,"836","r44",1,"Herr","Gerhardt","Architect","Gera","Gera","","gera","person","others","",0
68,"836","r45",1,"Herr","Gerhardt","Lehrer","Gera","Gera","","gera","person","teachers","",0
69,"836","r46",1,"Herr","Göll","Gymnasial-Director em.","Schleiz","Schleiz","","schleiz","person","teachers","",0
70,"836","r47",1,"Herr","Göller","Catechet","Hirschberg","Hirschberg","","lobenstein","person","clergy","",0
71,"836","r48",1,"Herr","Greuner","Advocat","Lobenstein","Lobenstein","","lobenstein","person","officials","",0
72,"836","r49",1,"Herr","Grimm","Gutsbesitzer","Debschwitz","Debschwitz","","gera","person","farmers","",0
73,"837","r2",1,"Herr","Grimm","Revierförster","Waidmannsheil","Weidmannsheil","gedruckt Waidmannsheil","lobenstein","person","forestry_mining","",0
74,"837","r3",1,"Herr","Große","Steuerkassirer","Ebersdorf","Ebersdorf","","lobenstein","person","officials","",0
75,"837","r4",1,"","Gymnasialbibliothek","","Gera","Gera","","gera","institution","institutions","library",0
76,"837","r5",1,"Herr","Hahn","Hofbibliothekar","Gera","Gera","","gera","person","court","",0
77,"837","r6",1,"Herr","Hartung, Albin","Bergverwalter","Lobenstein","Lobenstein","","lobenstein","person","forestry_mining","",0
78,"837","r7",1,"Herr","Hartung","Bergmeister","Lobenstein","Lobenstein","","lobenstein","person","forestry_mining","",0
79,"837","r8",1,"","Hauptsteueramt, fürstl.","","Gera","Gera","","gera","institution","institutions","authority",0
80,"837","r9",1,"Herr","Hauschild","Cantor","Saalburg","Saalburg","","schleiz","person","teachers","",0
81,"837","r10",1,"Herr","Häußer, G. G.","Kaufmann","Untermhaus","Untermhaus","","gera","person","trade","",0
82,"837","r11",1,"Herr","Häußer, Carl","Brauereibesitzer","Untermhaus","Untermhaus","","gera","person","trade","",0
83,"837","r12",1,"Herr","Held","Hofgärtner","Schleiz","Schleiz","","schleiz","person","court","",0
84,"837","r13",1,"Herr","Hempel","Oberförster","Untermhaus","Untermhaus","","gera","person","forestry_mining","",0
85,"837","r14",1,"Herr","Herold","Amtswachtmeister","Schleiz","Schleiz","","schleiz","person","officials","",0
86,"837","r15",1,"Herr","Heyland","Postdirector","Gera","Gera","","gera","person","officials","",0
87,"837","r16",1,"Herr","Hion, Louis","Gutsbesitzer","Gottliebsthal","Gottliebsthal","","lobenstein","person","farmers","",0
88,"837","r17+r18",1,"","Königl. Hof- und Staats-Bibliothek","","München","München","","outside","institution","institutions","library",0
89,"837","r19",1,"Herr","Hoffmann","Justizrath","Lobenstein","Lobenstein","","lobenstein","person","officials","",0
90,"837","r20",1,"","Horvath's","Buchhandlung","Potsdam","Potsdam","","outside","firm","booksellers","",0
91,"837","r21",1,"Herr","Hüttich","Pastor","Wurzbach","Wurzbach","","lobenstein","person","clergy","",0
92,"837","r22",1,"Herr","Jahn","Forstmeister","Ebersdorf","Ebersdorf","","lobenstein","person","forestry_mining","",0
93,"837","r23",1,"Herr","Jahn","Ober-Ger.-Advocat","Gera","Gera","","gera","person","officials","",0
94,"837","r24",1,"Herr","Ilfrig","Lehrer","Ullersreuth","Ullersreuth","","lobenstein","person","teachers","",0
95,"837","r25",1,"Herr","Joch","Cantor","Wurzbach","Wurzbach","","lobenstein","person","teachers","",0
96,"837","r26",1,"","Jurany & Hensel","Buchhandlung","Wiesbaden","Wiesbaden","","outside","firm","booksellers","",0
97,"837","r27",1,"","Justizamt I., fürstl.","","Gera","Gera","","gera","institution","institutions","authority",0
98,"837","r28",1,"","Justizamt II., fürstl.","","Gera","Gera","","gera","institution","institutions","authority",0
99,"837","r29",1,"","Justizamt, fürstl.","","Hohenleuben","Hohenleuben","","schleiz","institution","institutions","authority",0
100,"837","r30",1,"","Justizamt II., fürstl.","","Schleiz","Schleiz","","schleiz","institution","institutions","authority",0
101,"837","r31",1,"","Kammer, fürstl.","","Schleiz","Schleiz","","schleiz","institution","institutions","authority",0
102,"837","r32",1,"Herr","Keil","Hotelier","Schleiz","Schleiz","","schleiz","person","trade","",0
103,"837","r33",1,"Herr","Klinge","Pachter","Kammergut Harra","Harra","Kammergut","lobenstein","person","farmers","",0
104,"837","r34",1,"Herr","Köhler, Fr. Eug.","Buchhändler","Gera","Gera","","gera","person","booksellers","",0
105,"837","r35",1,"Herr","Kober","Taubstummenlehrer","Schleiz","Schleiz","","schleiz","person","teachers","",0
106,"837","r36",1,"Herr","Kratzsch","Kaufmann","Gera","Gera","","gera","person","trade","",0
107,"837","r37",1,"","Kreisgericht, fürstl.","","Gera","Gera","","gera","institution","institutions","authority",0
108,"837","r38",1,"","Kreisgericht, fürstl.","","Schleiz","Schleiz","","schleiz","institution","institutions","authority",0
109,"837","r39",1,"","Küchengarten-Gesellschaft","","Gera","Gera","","gera","institution","institutions","society",0
110,"837","r40",1,"Herr","Küchler","Kreis-Gerichts-Rath","Schleiz","Schleiz","","schleiz","person","officials","",0
111,"837","r41",1,"Herr","Küchler","Buchhandlung","Darmstadt","Darmstadt","","outside","person","booksellers","",0
112,"837","r42",1,"Herr","Kühn","Collabor., Oberlehrer","Gera","Gera","","gera","person","teachers","",0
113,"837","r43",1,"","Landrathsamt, fürstl.","","Gera","Gera","","gera","institution","institutions","authority",0
114,"837","r44",1,"","Landrathsamt, fürstl.","","Ebersdorf","Ebersdorf","","lobenstein","institution","institutions","authority",0
115,"837","r45",1,"Herr","Lang","Optikus","Gera","Gera","","gera","person","craftsmen","",0
116,"837","r46",1,"Herr","Lätsch","Revierförster","Titschendorf","Titschendorf","","lobenstein","person","forestry_mining","",0
117,"837","r47",1,"Herr","Leibrock","Hofbuchhandlung","Braunschweig","Braunschweig","","outside","person","booksellers","",0
118,"837","r48",1,"Herr","Lerchner","Steuerrendant","Lobenstein","Lobenstein","","lobenstein","person","officials","",0
119,"837","r49",1,"Herr","List","Landrathsamts-Assistent","Gera","Gera","","gera","person","officials","",0
120,"837","r50",1,"Herr","Lorey, A.","Schuldirektor","Gera","Gera","","gera","person","teachers","",0
121,"837","r51",1,"Herr","Luboldt","Kaufmann","Gera","Gera","","gera","person","trade","",0
122,"838","r2",1,"Herr","Ludwig","Gutsbesitzer","Frankendorf","Frankendorf","","schleiz","person","farmers","",0
123,"838","r3",1,"Herr","Martini","Lehrer","Lobenstein","Lobenstein","","lobenstein","person","teachers","",0
124,"838","r4",1,"Herr","Maurer","Verwalter","Oertelsbruch b. Lobst","Oertelsbruch","bei Lobenstein","lobenstein","person","farmers","",0
125,"838","r5",1,"Herr","Maucke, Rich.","Dr.","Schleiz","Schleiz","","schleiz","person","others","",0
126,"838","r6",1,"Herr","Mehlhorn","Rendant","Neuhammer b. Saalburg","Neuhammer","bei Saalburg [sic]","lobenstein","person","officials","",0
127,"838","r7",1,"Herr","Meißner","Lehrer","Hohenleuben","Hohenleuben","","schleiz","person","teachers","",0
128,"838","r8",1,"Herr","Metzner","Oberpfarrer","Hohenleuben","Hohenleuben","","schleiz","person","clergy","",0
129,"838","r9",1,"Herr","Meyrose","Lehrer","Schleiz","Schleiz","","schleiz","person","teachers","",0
130,"838","r10",1,"Herr","Mitscher & Röstell","Buchhandlung","Berlin","Berlin","","outside","firm","booksellers","",0
131,"838","r11",1,"Herr","Mord","Forstgehilfe","Pöllwitz","Pöllwitz","","schleiz","person","forestry_mining","",0
132,"838","r12",1,"Herr","Müller","Kreis-Gerichts-Rath","Schleiz","Schleiz","","schleiz","person","officials","",0
133,"838","r13",1,"","Müller'sche","Buchhandlung","Rudolstadt","Rudolstadt","","outside","firm","booksellers","",0
134,"838","r14",1,"Herr","Münch, Gust.","Kaufmann","Gera","Gera","","gera","person","trade","",0
135,"838","r15",1,"Herr","Neumeister","Collaborator","Saalburg","Saalburg","","schleiz","person","teachers","",0
136,"838","r16",1,"Herr","Neupert","Hofcantor","Schleiz","Schleiz","","schleiz","person","court","",0
137,"838","r17",1,"Herr","Oberländer","Lehrer","Pforten","Pforten","","gera","person","teachers","",0
138,"838","r18",1,"Herr","Oehm","Bürgermeister","Lobenstein","Lobenstein","","lobenstein","person","officials","",0
139,"838","r19",1,"Herr","Ott","Postsecretär","Lobenstein","Lobenstein","","lobenstein","person","officials","",0
140,"838","r20",1,"Herr","Otto sen.","Hofapotheker","Gera","Gera","","gera","person","others","",0
141,"838","r21",1,"Herr","Pabst","Rathsförster","Gera","Gera","","gera","person","forestry_mining","",0
142,"838","r22",1,"Herr","Panzer","Catechet","Gera","Gera","","gera","person","clergy","",0
143,"838","r23",1,"Herr","Pasolt, Aug.","Lehrer","Weißendorf","Weißendorf","","schleiz","person","teachers","",0
144,"838","r24",1,"Herr","Pätz","Kammerrath","Schleiz","Schleiz","","schleiz","person","officials","",0
145,"838","r25",1,"Herr","Pätz","Forstgehilfe","Wurzbach","Wurzbach","","lobenstein","person","forestry_mining","",0
146,"838","r26",1,"Herr","Pätz","Diaconus","Tanna","Tanna","","schleiz","person","clergy","",0
147,"838","r27",1,"Herr","Penndorf","Werkführer","Gera","Gera","","gera","person","craftsmen","",0
148,"838","r28",1,"Herr","Poppe","Hofthierarzt","Gera","Gera","","gera","person","court","",0
149,"838","r29",1,"Herr","Preller","Platzmeister","Neuhammer b. Lobenstein","Neuhammer","bei Lobenstein","lobenstein","person","craftsmen","",0
150,"838","r30",1,"Herr","Prüfer","Bürgermeister","Wüstfalke","Wüstfalke","","gera","person","officials","",0
151,"838","r31",2,"Herr","v. Puttkammer & Mühlbrecht","Buchhandlung","Berlin","Berlin","","outside","firm","booksellers","",1
152,"838","r32",1,"Herr","Rödel","Bauinspector","Oschitz","Oschitz","","schleiz","person","officials","",0
153,"838","r33",1,"Herr","Reichardt","Ober-Gerichts-Advocat","Gera","Gera","","gera","person","officials","",0
154,"838","r34",1,"","Rentamt, fürstl.","","Köstritz","Köstritz","","gera","institution","institutions","authority",0
155,"838","r35",1,"Herr","Richter","Assessor","Gera","Gera","","gera","person","officials","",0
156,"838","r36",1,"Herr","Riecke","Lehrer","Gera","Gera","","gera","person","teachers","",0
157,"838","r37",1,"Herr","Ruckdeschel","Justizamtmann","Hohenleuben","Hohenleuben","","schleiz","person","officials","",0
158,"838","r38",1,"Herr","Rudolph","Lehrer","Gera","Gera","","gera","person","teachers","",0
159,"838","r39",1,"Herr","Scheffel, E.","Oberlehrer","Langenwetzendorf","Langenwetzendorf","","schleiz","person","teachers","",0
160,"838","r40",1,"Herr","Schieck","Justizamtmann","Lobenstein","Lobenstein","","lobenstein","person","officials","",0
161,"838","r41",1,"Herr","Schiffmann","Advokat","Lobenstein","Lobenstein","","lobenstein","person","officials","",0
162,"838","r42",1,"Herr","Schlick","Cabinetsrath","Gera","Gera","","gera","person","officials","",0
163,"838","r43",1,"Herr","Schlick","Rechts-Anwalt","Schleiz","Schleiz","","schleiz","person","officials","",0
164,"838","r44",1,"Herr","Schlotter","Pastor","Dittersdorf","Dittersdorf","","schleiz","person","clergy","",0
165,"838","r45",1,"Herr","Schmidt","Dr. phil.","Gera","Gera","","gera","person","others","",0
166,"838","r46",1,"Herr","Schmidt","Pfarrer, Dr.","Mielsdorf","Mielesdorf","gedruckt Mielsdorf","schleiz","person","clergy","",0
167,"838","r47",1,"Herr","Schmidt jun., H.","Buchhandlung","Leipzig","Leipzig","","outside","person","booksellers","",0
168,"838","r48",1,"Herr","Schnicke","Pastor","Schwaara","Schwaara","","gera","person","clergy","",0
169,"839","r2",2,"","Schönfeld'sche","Buchhandlung","Dresden","Dresden","","outside","firm","booksellers","",0
170,"839","r3",1,"","Schulze's","Buchhandlung","Oldenburg","Oldenburg","","outside","firm","booksellers","",0
171,"839","r4",1,"Herr","Schwabe, O.","Buchhandlung","Rudolstadt","Rudolstadt","","outside","person","booksellers","",0
172,"839","r5",1,"Herr","Schwenker, Th.","Kaufmann","Gera","Gera","","gera","person","trade","",0
173,"839","r6",1,"Herr","Schorch","Kirchenrath Dr.","Schleiz","Schleiz","","schleiz","person","clergy","",0
174,"839","r7",1,"Herr","v. Seckendorff, H.","Chem. Fabrik","Heinrichshall","Heinrichshall","","gera","person","trade","",1
175,"839","r8",1,"Herr","Semmel","Dr. Geh. Justizrath","Untermhaus","Untermhaus","","gera","person","officials","",0
176,"839","r9",1,"Herr","Sieber","Revierförster","Lückenmühle","Lückenmühle","","lobenstein","person","forestry_mining","",0
177,"839","r10",1,"Herr","Sieckmann","Kunstgärtner","Köstritz","Köstritz","","gera","person","farmers","",0
178,"839","r11",1,"Herr","Singewald","Lehrer","Untermhaus","Untermhaus","","gera","person","teachers","",0
179,"839","r12",1,"Herr","Sison","Telegraphist","Gera","Gera","","gera","person","officials","",0
180,"839","r13",2,"","Stadtrath","","Gera","Gera","","gera","institution","institutions","authority",0
181,"839","r14",1,"","Stadtrath","","Lobenstein","Lobenstein","","lobenstein","institution","institutions","authority",0
182,"839","r15",1,"Herr","Steudel","Rendant","Hirschberg","Hirschberg","","lobenstein","person","officials","",0
183,"839","r16",1,"Herr","Stiehler","Superintendent","Lobenstein","Lobenstein","","lobenstein","person","clergy","",0
184,"839","r17",1,"Herr","Stiller","Hofbuchhandlung","Schwerin","Schwerin","","outside","person","booksellers","",0
185,"839","r18",1,"Herr","v. Strauch","Oberforstmeister","Schleiz","Schleiz","","schleiz","person","forestry_mining","",1
186,"839","r19",1,"Herr","Strebel, Paul","Buchhändler","Gera","Gera","","gera","person","booksellers","",0
187,"839","r20",1,"Herr","Streitberger","Gastwirth","Lobenstein","Lobenstein","","lobenstein","person","trade","",0
188,"839","r21",1,"Herr","Süssenguth","Advokat","Lobenstein","Lobenstein","","lobenstein","person","officials","",0
189,"839","r22",1,"Herr","Tamm, Heinr.","Gerbereibesitzer","Lobenstein","Lobenstein","","lobenstein","person","trade","",0
190,"839","r23",1,"Herr","Tauber, Jul.","Buchbinder","Lobenstein","Lobenstein","","lobenstein","person","craftsmen","",0
191,"839","r24",1,"Herr","Teich","pract. Arzt","Duttweiler bei Saarbrücken","Duttweiler","bei Saarbrücken","outside","person","others","",0
192,"839","r25",1,"Herr","Teich, Christ.","Buchdruckereibesitzer","Lobenstein","Lobenstein","","lobenstein","person","trade","",0
193,"839","r26",50,"Herr","Teich, Christ.","Buchhandlung","Lobenstein","Lobenstein","","lobenstein","person","booksellers","",0
194,"839","r27",1,"Herr","Timmisch, A.","Kaufmann","Schleiz","Schleiz","","schleiz","person","trade","",0
195,"839","r28",1,"Herr","Trögel","Kaufmann","Schleiz","Schleiz","","schleiz","person","trade","",0
196,"839","r29",1,"Herr","Uhlmann, Aug.","Brauer","Köstritz","Köstritz","","gera","person","trade","",0
197,"839","r30",1,"","Verein, alterthumsforschender","","Hohenleuben","Hohenleuben","","schleiz","institution","institutions","society",0
198,"839","r31",1,"","Verein, landwirthschaftl.","","Gera","Gera","","gera","institution","institutions","society",0
199,"839","r32",1,"","Verein, naturwissenschaftl.","","Schleiz","Schleiz","","schleiz","institution","institutions","society",0
200,"839","r33",1,"Herr","Vogel","Kammerfourier","Schleiz","Schleiz","","schleiz","person","court","",0
201,"839","r34",1,"Herr","Vogel","Gutsbesitzer","Waaswitz","Waaswitz","","gera","person","farmers","",0
202,"839","r35",1,"Herr","Vogel, Gust.","Kaufmann","Lobenstein","Lobenstein","","lobenstein","person","trade","",0
203,"839","r36",1,"Herr","Volckmar","Gastwirth","Lobenstein","Lobenstein","","lobenstein","person","trade","",0
204,"839","r37",1,"Herr","v. Voß","Assessor","Gera","Gera","","gera","person","officials","",1
205,"839","r38",1,"Herr","Wachter","Oberförster","Wurzbach","Wurzbach","","lobenstein","person","forestry_mining","",0
206,"839","r39",1,"Herr","Weißker","Justizrath","Gera","Gera","","gera","person","officials","",0
207,"839","r40",1,"Herr","Weißker","Forstrath Dr. em.","Schleiz","Schleiz","","schleiz","person","forestry_mining","",0
208,"839","r41",1,"Herr","Weißker","Assessor","Schleiz","Schleiz","","schleiz","person","officials","",0
209,"839","r42",1,"Herr","Werner","Revierförster","Bellevue bei Ebersdorf","Bellevue","bei Ebersdorf","lobenstein","person","forestry_mining","",0
210,"839","r43",1,"Herr","Wesser","Pfarrer","Triebes","Triebes","","schleiz","person","clergy","",0
211,"839","r44",1,"Herr","Wiedner","Bez. Geometer","Gera","Gera","","gera","person","officials","",0
212,"839","r45",1,"Herr","Winter, Rich.","Kaufmann","Köstritz","Köstritz","","gera","person","trade","",0
213,"839","r46",1,"Herr","Wildenhayn","Aktuar","Gera","Gera","","gera","person","officials","",0
214,"839","r47",1,"Herr","Wünsch","Diaconus","Lobenstein","Lobenstein","","lobenstein","person","clergy","",0
215,"839","r48",1,"Herr","Zenker","Dr. med.","Schleiz","Schleiz","","schleiz","person","others","",0
216,"840","r2",1,"Frau","Zeigermann","Amtmännin","Untermhaus","Untermhaus","","gera","person","officials","",0
217,"840","r3",1,"Herr","Zeuner","Lehrer","Triebes","Triebes","","schleiz","person","teachers","",0
218,"840","r4",4,"Herr","Ziegler","Pastor","Göschitz","Göschitz","","schleiz","person","clergy","",0
219,"840","r5",1,"Herr","Ziegler","Gutsbesitzer","Milbitz","Milbitz","","gera","person","farmers","",0
220,"840","r6",1,"Herr","Zimmermann","Rentier","Gera","Gera","","gera","person","others","",0
221,"840","r7",1,"Herr","Zippel","Lehrer","Gera","Gera","","gera","person","teachers","",0
