rank,trade_de,trade_en,group_order,group_de,group_en,places,places_pct,masters
1,"Maurer","Mason",1,"Bau, Stein","Building, stone",135,78.0,1069
2,"Zimmerer","Carpenter",1,"Bau, Stein","Building, stone",132,76.3,667
3,"Schuhmacher","Shoemaker",5,"Leder, Kleidung","Leather, clothing",109,63.0,594
4,"Schneider","Tailor",5,"Leder, Kleidung","Leather, clothing",104,60.1,382
5,"Schmied","Blacksmith",3,"Metall","Metal",104,60.1,201
6,"Weber","Weaver",4,"Textil","Textiles",90,52.0,2447
7,"Fleischer","Butcher",6,"Nahrung, Wirte","Food, inns",66,38.2,232
8,"Tischler","Joiner",2,"Holz","Wood",66,38.2,201
9,"Wagner","Wheelwright",2,"Holz","Wood",63,36.4,109
10,"Müller","Miller",6,"Nahrung, Wirte","Food, inns",54,31.2,107
11,"Böttcher","Cooper",2,"Holz","Wood",51,29.5,118
12,"Dachdecker","Roofer (slater, tiler)",1,"Bau, Stein","Building, stone",39,22.5,301
13,"Bäcker","Baker",6,"Nahrung, Wirte","Food, inns",37,21.4,167
14,"Wirt","Innkeeper",6,"Nahrung, Wirte","Food, inns",35,20.2,58
15,"Ziegler","Brick maker",1,"Bau, Stein","Building, stone",34,19.7,37
16,"Drechsler","Turner",2,"Holz","Wood",21,12.1,54
17,"Korbmacher","Basket maker",2,"Holz","Wood",20,11.6,28
18,"Strumpfwirker","Stocking weaver",4,"Textil","Textiles",19,11.0,137
19,"Glaser","Glazier",1,"Bau, Stein","Building, stone",19,11.0,58
20,"Schlosser","Locksmith",3,"Metall","Metal",17,9.8,74
