district,n_places,group,group_de,group_en,group_order,count,share
"Alle",124,"bauern","Bauern","Farmers",1,2287,21.6
"Alle",124,"haeusler","Häusler","Cottagers",2,3742,35.4
"Alle",124,"tagloehner","Taglöhner","Day laborers",3,1629,15.4
"Alle",124,"dienstboten","Dienstboten","Servants",4,2927,27.7
"Gera",62,"bauern","Bauern","Farmers",1,828,17.2
"Gera",62,"haeusler","Häusler","Cottagers",2,1628,33.9
"Gera",62,"tagloehner","Taglöhner","Day laborers",3,998,20.8
"Gera",62,"dienstboten","Dienstboten","Servants",4,1352,28.1
"Schleiz",35,"bauern","Bauern","Farmers",1,926,25.1
"Schleiz",35,"haeusler","Häusler","Cottagers",2,1308,35.4
"Schleiz",35,"tagloehner","Taglöhner","Day laborers",3,310,8.4
"Schleiz",35,"dienstboten","Dienstboten","Servants",4,1149,31.1
"Lobenstein-Ebersdorf",27,"bauern","Bauern","Farmers",1,533,25.6
"Lobenstein-Ebersdorf",27,"haeusler","Häusler","Cottagers",2,806,38.6
"Lobenstein-Ebersdorf",27,"tagloehner","Taglöhner","Day laborers",3,321,15.4
"Lobenstein-Ebersdorf",27,"dienstboten","Dienstboten","Servants",4,426,20.4
