year,district,area,illegitimate,legit_pct,illegit_pct
1858,"Gera","Städte",90,81.29,18.71
1858,"Gera","Landorte",171,80.45,19.55
1858,"Gera","Zusammen",261,80.75,19.25
1859,"Gera","Städte",82,83.98,16.02
1859,"Gera","Landorte",168,80.91,19.09
1859,"Gera","Zusammen",250,82.04,17.96
1860,"Gera","Städte",77,84.07,15.93
1860,"Gera","Landorte",155,82.12,17.88
1860,"Gera","Zusammen",232,82.83,17.17
1861,"Gera","Städte",69,87.03,12.97
1861,"Gera","Landorte",141,82.55,17.45
1861,"Gera","Zusammen",210,84.33,15.67
1862,"Gera","Städte",79,84.14,15.86
1862,"Gera","Landorte",113,86.8,13.2
1862,"Gera","Zusammen",192,85.82,14.18
1863,"Gera","Städte",89,84.14,15.86
1863,"Gera","Landorte",163,82.03,17.97
1863,"Gera","Zusammen",252,82.83,17.17
1864,"Gera","Städte",92,83.66,16.34
1864,"Gera","Landorte",122,86.47,13.53
1864,"Gera","Zusammen",214,85.39,14.61
1865,"Gera","Städte",82,86.64,13.36
1865,"Gera","Landorte",144,84.62,15.38
1865,"Gera","Zusammen",226,85.41,14.59
1866,"Gera","Städte",76,87.88,12.12
1866,"Gera","Landorte",148,84.71,15.29
1866,"Gera","Zusammen",224,85.95,14.05
1867,"Gera","Städte",86,86.09,13.91
1867,"Gera","Landorte",136,85.22,14.78
1867,"Gera","Zusammen",222,85.57,14.43
1858,"Schleiz","Städte",48,84.31,15.69
1858,"Schleiz","Landorte",158,77.93,22.07
1858,"Schleiz","Zusammen",206,79.84,20.16
1859,"Schleiz","Städte",40,86.97,13.03
1859,"Schleiz","Landorte",152,80.49,19.51
1859,"Schleiz","Zusammen",192,82.32,17.68
1860,"Schleiz","Städte",75,85.25,14.75
1860,"Schleiz","Landorte",159,79.13,20.87
1860,"Schleiz","Zusammen",234,78.03,21.97
1861,"Schleiz","Städte",39,86.51,13.49
1861,"Schleiz","Landorte",162,77.69,22.31
1861,"Schleiz","Zusammen",201,80.2,19.8
1862,"Schleiz","Städte",52,82.49,17.51
1862,"Schleiz","Landorte",160,79.0,21.0
1862,"Schleiz","Zusammen",212,79.98,20.02
1863,"Schleiz","Städte",43,84.84,15.16
1863,"Schleiz","Landorte",176,78.75,21.25
1863,"Schleiz","Zusammen",219,79.63,20.37
1864,"Schleiz","Städte",46,83.92,16.08
1864,"Schleiz","Landorte",128,83.74,16.26
1864,"Schleiz","Zusammen",174,83.78,16.22
1865,"Schleiz","Städte",41,85.91,14.09
1865,"Schleiz","Landorte",133,84.26,15.74
1865,"Schleiz","Zusammen",174,84.69,15.31
1866,"Schleiz","Städte",46,84.4,15.6
1866,"Schleiz","Landorte",127,84.28,15.72
1866,"Schleiz","Zusammen",173,84.32,15.68
1867,"Schleiz","Städte",39,86.87,13.13
1867,"Schleiz","Landorte",135,83.4,16.6
1867,"Schleiz","Zusammen",174,84.34,15.66
1858,"Lobenstein-Ebersdorf","Städte",40,75.76,24.24
1858,"Lobenstein-Ebersdorf","Landorte",196,71.3,28.7
1858,"Lobenstein-Ebersdorf","Zusammen",236,72.17,27.83
1859,"Lobenstein-Ebersdorf","Städte",38,79.12,20.88
1859,"Lobenstein-Ebersdorf","Landorte",141,78.27,21.73
1859,"Lobenstein-Ebersdorf","Zusammen",179,78.46,21.54
1860,"Lobenstein-Ebersdorf","Städte",45,71.87,28.13
1860,"Lobenstein-Ebersdorf","Landorte",167,73.91,26.09
1860,"Lobenstein-Ebersdorf","Zusammen",212,73.5,26.5
1861,"Lobenstein-Ebersdorf","Städte",34,81.91,18.09
1861,"Lobenstein-Ebersdorf","Landorte",158,74.76,25.24
1861,"Lobenstein-Ebersdorf","Zusammen",192,76.41,23.59
1862,"Lobenstein-Ebersdorf","Städte",46,71.95,28.05
1862,"Lobenstein-Ebersdorf","Landorte",164,74.13,25.87
1862,"Lobenstein-Ebersdorf","Zusammen",210,73.68,26.32
1863,"Lobenstein-Ebersdorf","Städte",43,75.98,24.02
1863,"Lobenstein-Ebersdorf","Landorte",178,74.17,25.83
1863,"Lobenstein-Ebersdorf","Zusammen",221,74.54,25.46
1864,"Lobenstein-Ebersdorf","Städte",38,77.25,22.75
1864,"Lobenstein-Ebersdorf","Landorte",182,73.31,26.69
1864,"Lobenstein-Ebersdorf","Zusammen",220,74.09,25.91
1865,"Lobenstein-Ebersdorf","Städte",28,84.18,15.82
1865,"Lobenstein-Ebersdorf","Landorte",168,76.73,23.27
1865,"Lobenstein-Ebersdorf","Zusammen",196,79.2,21.8
1866,"Lobenstein-Ebersdorf","Städte",34,82.65,17.35
1866,"Lobenstein-Ebersdorf","Landorte",166,77.23,22.77
1866,"Lobenstein-Ebersdorf","Zusammen",200,78.38,21.62
1867,"Lobenstein-Ebersdorf","Städte",36,81.63,18.37
1867,"Lobenstein-Ebersdorf","Landorte",155,76.76,23.24
1867,"Lobenstein-Ebersdorf","Zusammen",191,77.87,22.13
1858,"Reuß j. L.","Städte",178,81.3,18.7
1858,"Reuß j. L.","Landorte",525,76.91,23.09
1858,"Reuß j. L.","Zusammen",703,78.21,21.79
1859,"Reuß j. L.","Städte",160,84.02,15.98
1859,"Reuß j. L.","Landorte",461,80.03,19.97
1859,"Reuß j. L.","Zusammen",621,81.23,18.77
1860,"Reuß j. L.","Städte",197,79.2,20.8
1860,"Reuß j. L.","Landorte",481,78.8,21.2
1860,"Reuß j. L.","Zusammen",678,78.92,21.08
1861,"Reuß j. L.","Städte",142,85.93,14.07
1861,"Reuß j. L.","Landorte",461,78.66,21.34
1861,"Reuß j. L.","Zusammen",603,80.97,19.03
1862,"Reuß j. L.","Städte",177,81.54,18.46
1862,"Reuß j. L.","Landorte",437,80.6,19.4
1862,"Reuß j. L.","Zusammen",614,80.88,19.12
1863,"Reuß j. L.","Städte",175,82.91,17.09
1863,"Reuß j. L.","Landorte",517,78.34,21.66
1863,"Reuß j. L.","Zusammen",692,79.71,20.29
1864,"Reuß j. L.","Städte",176,82.68,17.32
1864,"Reuß j. L.","Landorte",432,81.78,18.22
1864,"Reuß j. L.","Zusammen",608,82.05,17.95
1865,"Reuß j. L.","Städte",151,86.04,13.96
1865,"Reuß j. L.","Landorte",445,82.23,17.77
1865,"Reuß j. L.","Zusammen",596,83.38,16.62
1866,"Reuß j. L.","Städte",156,86.05,13.95
1866,"Reuß j. L.","Landorte",441,82.4,17.6
1866,"Reuß j. L.","Zusammen",597,83.53,16.47
1867,"Reuß j. L.","Städte",161,85.51,14.49
1867,"Reuß j. L.","Landorte",426,82.26,17.74
1867,"Reuß j. L.","Zusammen",587,83.29,16.71
