disease_de,disease_en,level,place,printed,percent,shared
"Katarrhe","Catarrhs",0,"Lobenstein","9",9.0,1
"Katarrhe","Catarrhs",0,"Gera","5,00",5.0,1
"Katarrhe","Catarrhs",0,"Hohenleuben","7",7.0,1
"a) der Luftwege","Catarrhs of the airways",1,"Lobenstein","3",3.0,0
"a) der Luftwege","Catarrhs of the airways",1,"Hohenleuben","5",5.0,0
"b) des Darmcanals","Catarrhs of the intestinal tract",1,"Lobenstein","6",6.0,0
"b) des Darmcanals","Catarrhs of the intestinal tract",1,"Hohenleuben","2",2.0,0
"Rheumatische Fieber","Rheumatic fevers",0,"Lobenstein","1",1.0,1
"Rheumatische Fieber","Rheumatic fevers",0,"Gera","1,17",1.17,1
"Rheumatische Fieber","Rheumatic fevers",0,"Hohenleuben","4,74",4.74,1
"Nervenfieber","Nervous fever",0,"Lobenstein","1/2",0.5,1
"Nervenfieber","Nervous fever",0,"Tanna","0,36",0.36,1
"Nervenfieber","Nervous fever",0,"Gera","0,2",0.2,1
"Nervenfieber","Nervous fever",0,"Hohenleuben","0,80",0.8,1
"Gastrische Fieber","Gastric fevers",0,"Lobenstein","4",4.0,1
"Gastrische Fieber","Gastric fevers",0,"Gera","3,82",3.82,1
"Gastrische Fieber","Gastric fevers",0,"Hohenleuben","4,26",4.26,1
"Lungenentzündung","Pneumonia",0,"Lobenstein","4",4.0,0
"Lungenschwindsucht","Pulmonary consumption",0,"Lobenstein","2",2.0,0
"Unterleibsentzündung","Abdominal inflammation",0,"Lobenstein","1/4",0.25,0
"Kolik","Colic",0,"Lobenstein","1",1.0,0
"Magenkrampf","Stomach cramps",0,"Lobenstein","2",2.0,0
"Mandelbräune","Quinsy (tonsillitis)",0,"Lobenstein","1",1.0,0
"Friesel","Friesel (rash fevers)",0,"Lobenstein","1/8",0.125,0
"Blattern (Varicellen)","Pox (varicella)",0,"Lobenstein","1/2",0.5,1
"Blattern (Varicellen)","Pox (varicella)",0,"Gera","0,3",0.3,1
"Bleichsucht","Chlorosis (anaemia)",0,"Lobenstein","1",1.0,0
"Krätze u. ähnl. Hautkrankheiten","Scabies, similar skin diseases",0,"Lobenstein","6",6.0,1
"Krätze u. ähnl. Hautkrankheiten","Scabies, similar skin diseases",0,"Gera","13,60",13.6,1
"Krätze u. ähnl. Hautkrankheiten","Scabies, similar skin diseases",0,"Hohenleuben","6,01",6.01,1
"Flechten","Lichens (skin eruptions)",0,"Lobenstein","2",2.0,1
"Flechten","Lichens (skin eruptions)",0,"Gera","0,2",0.2,1
"Flechten","Lichens (skin eruptions)",0,"Hohenleuben","1,03",1.03,1
"Venerie","Venereal diseases",0,"Lobenstein","1/2",0.5,1
"Venerie","Venereal diseases",0,"Gera","0,48",0.48,1
"Venerie","Venereal diseases",0,"Hohenleuben","0,79",0.79,1
"Masern","Measles",0,"Lobenstein","2",2.0,0
"Scharlach","Scarlet fever",0,"Lobenstein","2",2.0,0
"Kropf","Goitre",0,"Lobenstein","1/2",0.5,0
"Gebärmutterkrankheiten","Diseases of the womb",0,"Lobenstein","3",3.0,0
"Skrofeln","Scrofula",0,"Gera","0,09",0.09,1
"Skrofeln","Scrofula",0,"Hohenleuben","1,30",1.3,1
