order,constituent,constituent_en,group,spring,parts_per_10000,share_pct
1,"Chlornatrium","sodium chloride","alkali","Neue Quelle",0.1897,7.5
1,"Chlornatrium","sodium chloride","alkali","Agnesquelle",0.0311,3.1
2,"Schwefelsaures Natron","sodium sulfate","alkali","Neue Quelle",0.1618,6.4
2,"Schwefelsaures Natron","sodium sulfate","alkali","Agnesquelle",0.0619,6.1
3,"Schwefelsaures Kali","potassium sulfate","alkali","Agnesquelle",0.0521,5.2
4,"Natron, an organische Säuren gebunden","sodium bound to organic acids","alkali","Neue Quelle",0.0297,1.2
5,"Kali, an organische Säuren gebunden","potassium bound to organic acids","alkali","Neue Quelle",0.1253,5.0
6,"Zweifach kohlensaurer Kalk","calcium bicarbonate","earth","Neue Quelle",0.8061,31.9
6,"Zweifach kohlensaurer Kalk","calcium bicarbonate","earth","Agnesquelle",0.1244,12.3
7,"Zweifach kohlensaure Magnesia","magnesium bicarbonate","earth","Neue Quelle",0.2807,11.1
7,"Zweifach kohlensaure Magnesia","magnesium bicarbonate","earth","Agnesquelle",0.1307,13.0
8,"Zweifach kohlensaures Maganoxydul","manganese(II) bicarbonate","iron","Neue Quelle",0.1377,5.5
8,"Zweifach kohlensaures Maganoxydul","manganese(II) bicarbonate","iron","Agnesquelle",0.078,7.7
9,"Zweifach kohlensaures Eisenoxydul","iron(II) bicarbonate","iron","Neue Quelle",0.5698,22.6
9,"Zweifach kohlensaures Eisenoxydul","iron(II) bicarbonate","iron","Agnesquelle",0.4148,41.1
10,"Schwefelsaurer Kalk","calcium sulfate","earth","Neue Quelle",0.0039,0.2
10,"Schwefelsaurer Kalk","calcium sulfate","earth","Agnesquelle",0.0422,4.2
11,"Thonerde","alumina","other","Neue Quelle",0.0397,1.6
11,"Thonerde","alumina","other","Agnesquelle",0.0122,1.2
12,"Lösliche Kieselsäure","soluble silica","other","Neue Quelle",0.1259,5.0
12,"Lösliche Kieselsäure","soluble silica","other","Agnesquelle",0.0061,0.6
13,"Unlösliche organische Substanz","insoluble organic matter","other","Neue Quelle",0.0331,1.3
13,"Unlösliche organische Substanz","insoluble organic matter","other","Agnesquelle",0.0243,2.4
14,"Unlösliche aufgeschwemmte Theile","insoluble suspended matter","other","Neue Quelle",0.0198,0.8
14,"Unlösliche aufgeschwemmte Theile","insoluble suspended matter","other","Agnesquelle",0.0304,3.0
