river,region,region_order,bank,number,name,name_type,name_key,page,block
"Rodach","Main (Rhein)",1,"links",,"Grunsenbach","bach","Grunsenbach","45","b9"
"Rodach","Main (Rhein)",1,"links",,"Orlabach","bach","Orlabach","45","b10"
"Rodach","Main (Rhein)",1,"links",,"Moschwitz (Muschwitz)","own","Moschwitz","45","b11"
"Rodach","Main (Rhein)",1,"rechts",,"Thiersebach (Titschenbach)","bach","Thiersebach","45","b12"
"Rodach","Main (Rhein)",1,"rechts",,"Kettelbach (Kittel-, Ködelbach)","bach","Kettelbach","45","b13"
"Saale","Oberland",2,"rechts",1,"Kegelbach","bach","Kegelbach","46","b4"
"Saale","Oberland",2,"rechts",2,"Erlichsbach (Aubach)","bach","Erlichsbach","46","b5"
"Saale","Oberland",2,"rechts",3,"Lohbach","bach","Lohbach","46","b6"
"Saale","Oberland",2,"rechts",4,"Aubach","bach","Aubach","46","b7"
"Saale","Oberland",2,"rechts",5,"Pechbächlein","bach","Pechbächlein","46","b8"
"Saale","Oberland",2,"rechts",6,"lerchenhügler Wässerlein","wasser","lerchenhügler Wässerlein","46","b9"
"Saale","Oberland",2,"rechts",7,"Aubach","bach","Aubach","46","b10"
"Saale","Oberland",2,"rechts",8,"Drusenbach","bach","Drusenbach","46","b11"
"Saale","Oberland",2,"rechts",9,"Arlasbach","bach","Arlasbach","46","b12"
"Saale","Oberland",2,"rechts",10,"Waldbach (unbenannt, Harra gegenüber)","desc","Waldbach (unbenannt)","46","b14"
"Saale","Oberland",2,"rechts",11,"Saubergsbach","bach","Saubergsbach","46","b15"
"Saale","Oberland",2,"rechts",12,"Ziezelbach","bach","Ziezelbach","46","b16"
"Saale","Oberland",2,"rechts",13,"Göritzbächlein","bach","Göritzbächlein","46","b17"
"Saale","Oberland",2,"rechts",14,"Bierewässerlein","wasser","Bierewässerlein","46","b18"
"Saale","Oberland",2,"rechts",15,"Pösnigsbach","bach","Pösnigsbach","47","b1"
"Saale","Oberland",2,"rechts",16,"Triebich (Triebes)","own","Triebes","47","b2"
"Saale","Oberland",2,"rechts",17,"Dornbach","bach","Dornbach","47","b3"
"Saale","Oberland",2,"rechts",18,"Wettera","own","Wettera","47","b4"
"Saale","Oberland",2,"rechts",19,"Gerischbach","bach","Gerischbach","47","b5"
"Saale","Oberland",2,"rechts",20,"Vogeltränkbach","bach","Vogeltränkbach","47","b6"
"Saale","Oberland",2,"rechts",21,"Molbizbach","bach","Molbizbach","47","b7"
"Saale","Oberland",2,"rechts",22,"Wiesenthal","own","Wiesenthal","47","b8"
"Saale","Oberland",2,"rechts",23,"Plothenbach","bach","Plothenbach","48","b2"
"Saale","Oberland",2,"links",1,"Selbitz","own","Selbitz","48","b4"
"Saale","Oberland",2,"links",2,"harraer Auwasser","wasser","harraer Auwasser","48","b5"
"Saale","Oberland",2,"links",3,"Lemnitz","own","Lemnitz","48","b6"
"Saale","Oberland",2,"links",4,"Rattenbach","bach","Rattenbach","48","b7"
"Saale","Oberland",2,"links",5,"Zoppotha","own","Zoppotha","48","b8"
"Saale","Oberland",2,"links",6,"Ossabach","bach","Ossabach","48","b9"
"Saale","Oberland",2,"links",7,"Riesenbach","bach","Riesenbach","48","b10"
"Saale","Oberland",2,"links",8,"Luchsbach","bach","Luchsbach","49","b1"
"Saale","Oberland",2,"links",9,"Letzschbach","bach","Letzschbach","49","b2"
"Saale","Oberland",2,"links",10,"Kieselbach (Sormitz im Burgwald)","bach","Kieselbach","49","b3"
"Saale","Oberland",2,"links",11,"Otterbach","bach","Otterbach","49","b4"
"Saale","Oberland",2,"links",12,"Sormitz","own","Sormitz","49","b5"
"Weida","Oberland",2,"links",1,"Robsbach","bach","Robsbach","50","b2"
"Weida","Oberland",2,"links",2,"Waldbach","bach","Waldbach","50","b3"
"Weida","Oberland",2,"links",3,"Löhlabächlein","bach","Löhlabächlein","50","b4"
"Weida","Oberland",2,"links",4,"Modelitzschbach","bach","Modelitzschbach","50","b5"
"Weida","Oberland",2,"links",5,"Steinbach","bach","Steinbach","50","b6"
"Weida","Oberland",2,"links",6,"burkersdorfer Auwasser","wasser","burkersdorfer Auwasser","50","b7"
"Weida","Oberland",2,"links",7,"Schlegelsbach","bach","Schlegelsbach","50","b8"
"Weida","Oberland",2,"rechts",1,"Sybach","bach","Sybach","50","b9"
"Weida","Oberland",2,"rechts",2,"Lohbach","bach","Lohbach","50","b10"
"Weida","Oberland",2,"rechts",3,"langenwolschendorfer Wasser","wasser","langenwolschendorfer Wasser","50","b11"
"Weida","Oberland",2,"rechts",4,"Igelsbach","bach","Igelsbach","50","b12"
"Weida","Oberland",2,"rechts",5,"Bingebach","bach","Bingebach","50","b13"
"Weida","Oberland",2,"rechts",6,"Weidigswässerlein","wasser","Weidigswässerlein","50","b14"
"Weida","Oberland",2,"rechts",7,"Triebes","own","Triebes","50","b15"
"Weida","Oberland",2,"rechts",8,"Leuba","own","Leuba","50","b16"
"Elster","Unterland",3,"links",1,"Holzgrabenwasser","wasser","Holzgrabenwasser","51","b2"
"Elster","Unterland",3,"links",2,"Briete","own","Briete","51","b3"
"Elster","Unterland",3,"links",3,"Türkengraben","graben","Türkengraben","51","b4"
"Elster","Unterland",3,"links",4,"Gerbergraben","graben","Gerbergraben","51","b5"
"Elster","Unterland",3,"links",5,"Martinsgrundwässerlein","wasser","Martinsgrundwässerlein","51","b6"
"Elster","Unterland",3,"links",6,"Kerbwasser","wasser","Kerbwasser","51","b7"
"Elster","Unterland",3,"links",7,"Erlbach","bach","Erlbach","51","b8"
"Elster","Unterland",3,"links",8,"Schafgrund (hartmannsdorfer Bach)","grund","Schafgrund","52","b2"
"Elster","Unterland",3,"links",9,"Goldthal- oder Eleonorenthalwasser","wasser","Goldthal- oder Eleonorenthalwasser","52","b3"
"Elster","Unterland",3,"links",10,"Borngrund","grund","Borngrund","52","b4"
"Elster","Unterland",3,"links",11,"Hirschgraben","graben","Hirschgraben","52","b5"
"Elster","Unterland",3,"links",12,"seifarthsdorfer Bach","bach","seifarthsdorfer Bach","52","b6"
"Elster","Unterland",3,"rechts",1,"Wasser von Pohlen","desc","Wasser von Pohlen","52","b7"
"Elster","Unterland",3,"rechts",2,"kleinfalkischer Bach (pösnecker Bach)","bach","kleinfalkischer Bach","52","b8"
"Elster","Unterland",3,"rechts",3,"Thälchen von Kaimberg","desc","Thälchen von Kaimberg","52","b9"
"Elster","Unterland",3,"rechts",4,"kleiner Schmerlbach","bach","kleiner Schmerlbach","52","b10"
"Elster","Unterland",3,"rechts",5,"Pfortenbach","bach","Pfortenbach","52","b11"
"Elster","Unterland",3,"rechts",6,"Zaufensgraben","graben","Zaufensgraben","52","b12"
"Elster","Unterland",3,"rechts",7,"Leumnitzbach","bach","Leumnitzbach","52","b13"
"Elster","Unterland",3,"rechts",8,"Krautgrund","grund","Krautgrund","52","b14"
"Elster","Unterland",3,"rechts",9,"Brambach","bach","Brambach","52","b15"
"Elster","Unterland",3,"rechts",10,"Schießbach","bach","Schießbach","53","b2"
"Elster","Unterland",3,"rechts",11,"Wässerlein zwischen Kienberg und Pönigsberg","desc","Wässerlein zwischen Kienberg und Pönigsberg","53","b3"
"Elster","Unterland",3,"rechts",12,"Ortelsgraben","graben","Ortelsgraben","53","b4"
"Elster","Unterland",3,"rechts",13,"lichtenauer Wässerlein","wasser","lichtenauer Wässerlein","53","b5"
"Elster","Unterland",3,"rechts",14,"Aga","own","Aga","53","b6"
"Elster","Unterland",3,"rechts",15,"große Schnauder","own","große Schnauder","53","b7"
"Elster","Unterland",3,"rechts",16,"Pleiße","own","Pleiße","53","b8"
