name_de,name_en,kind,schools,teachers,pupils_1863,pupils,pupils_per_teacher,growth_pct
"Volksschulen Gera, Land","Elementary schools, Gera, country","Volksschule",30,34,2860,3163,93.0,10.6
"Volksschulen Schleiz, Land","Elementary schools, Schleiz, country","Volksschule",37,39,3115,3356,86.1,7.7
"Volksschulen Schleiz, Städte","Elementary schools, Schleiz, towns","Volksschule",4,17,1333,1373,80.8,3.0
"Volksschulen Lobenstein-Ebersdorf, Land","Elementary schools, Lobenstein-Ebersdorf, country","Volksschule",39,44,2899,2980,67.7,2.8
"Volksschulen Lobenstein-Ebersdorf, Städte","Elementary schools, Lobenstein-Ebersdorf, towns","Volksschule",2,13,847,838,64.5,-1.1
"Volksschulen Gera, Stadt","Elementary schools, Gera, town","Volksschule",3,59,1865,2529,42.9,35.6
"Realschule Gera","Realschule, Gera","Höhere Schule",,19,,432,22.7,
"Gymnasium Gera","Gymnasium, Gera","Höhere Schule",,15,,190,12.7,
"Gymnasium Schleiz","Gymnasium, Schleiz","Höhere Schule",,11,,114,10.4,
