month,month_label,phenomenon,phenomenon_order,days,days_printed,correction,mark,years,per_year,share_of_year
1,"Januar","Nebel",1,64,64,"","",12,5.33,7.9
2,"Februar","Nebel",1,53,53,"","",12,4.42,6.5
3,"März","Nebel",1,59,59,"","",12,4.92,7.3
4,"April","Nebel",1,45,45,"","",12,3.75,5.5
5,"Mai","Nebel",1,58,58,"","",12,4.83,7.2
6,"Juni","Nebel",1,43,43,"","",12,3.58,5.3
7,"Juli","Nebel",1,46,46,"","",12,3.83,5.7
8,"August","Nebel",1,37,37,"","",12,3.08,4.6
9,"Septbr.","Nebel",1,75,75,"","",12,6.25,9.2
10,"October","Nebel",1,134,134,"","",12,11.17,16.5
11,"Novbr.","Nebel",1,112,112,"","",12,9.33,13.8
12,"Decbr.","Nebel",1,85,85,"","",12,7.08,10.5
1,"Januar","Regen",2,87,79,"S. 830: 87 statt 79","",12,7.25,5.6
2,"Februar","Regen",2,82,82,"","Min.",12,6.83,5.3
3,"März","Regen",2,128,128,"","",12,10.67,8.3
4,"April","Regen",2,131,131,"","",12,10.92,8.5
5,"Mai","Regen",2,180,180,"S. 830: Max.-Vermerk im Juli statt im Mai","",12,15.0,11.7
6,"Juni","Regen",2,167,167,"","",12,13.92,10.8
7,"Juli","Regen",2,181,169,"S. 830: 181 statt 169; Max.-Vermerk (statt Mai)","Max.",12,15.08,11.7
8,"August","Regen",2,152,142,"S. 830: 152 statt 142","",12,12.67,9.8
9,"Septbr.","Regen",2,133,133,"","",12,11.08,8.6
10,"October","Regen",2,113,113,"","",12,9.42,7.3
11,"Novbr.","Regen",2,106,106,"","",12,8.83,6.9
12,"Decbr.","Regen",2,84,92,"S. 830: 84 statt 92","",12,7.0,5.4
1,"Januar","Schnee",3,82,82,"","",12,6.83,18.1
2,"Februar","Schnee",3,75,75,"","",12,6.25,16.6
3,"März","Schnee",3,95,95,"","",12,7.92,21.0
4,"April","Schnee",3,40,40,"","",12,3.33,8.8
5,"Mai","Schnee",3,13,13,"","",12,1.08,2.9
6,"Juni","Schnee",3,4,4,"","",12,0.33,0.9
7,"Juli","Schnee",3,2,2,"","",12,0.17,0.4
8,"August","Schnee",3,,,"","",12,0.0,0.0
9,"Septbr.","Schnee",3,6,6,"","",12,0.5,1.3
10,"October","Schnee",3,6,6,"","",12,0.5,1.3
11,"Novbr.","Schnee",3,44,44,"","",12,3.67,9.7
12,"Decbr.","Schnee",3,85,85,"","",12,7.08,18.8
1,"Januar","Reif",4,52,52,"","",12,4.33,10.0
2,"Februar","Reif",4,76,76,"","",12,6.33,14.6
3,"März","Reif",4,80,80,"","",12,6.67,15.4
4,"April","Reif",4,77,77,"","",12,6.42,14.8
5,"Mai","Reif",4,16,16,"","",12,1.33,3.1
6,"Juni","Reif",4,1,1,"","",12,0.08,0.2
7,"Juli","Reif",4,1,1,"","",12,0.08,0.2
8,"August","Reif",4,,,"","",12,0.0,0.0
9,"Septbr.","Reif",4,11,11,"","",12,0.92,2.1
10,"October","Reif",4,56,56,"","",12,4.67,10.7
11,"Novbr.","Reif",4,71,71,"","",12,5.92,13.6
12,"Decbr.","Reif",4,80,80,"","",12,6.67,15.4
1,"Januar","Gewitter",5,2,2,"","",12,0.17,0.7
2,"Februar","Gewitter",5,1,1,"","",12,0.08,0.4
3,"März","Gewitter",5,10,10,"","",12,0.83,3.7
4,"April","Gewitter",5,18,18,"","",12,1.5,6.7
5,"Mai","Gewitter",5,40,40,"","",12,3.33,14.8
6,"Juni","Gewitter",5,57,57,"","",12,4.75,21.1
7,"Juli","Gewitter",5,59,59,"","",12,4.92,21.9
8,"August","Gewitter",5,58,58,"","",12,4.83,21.5
9,"Septbr.","Gewitter",5,18,18,"","",12,1.5,6.7
10,"October","Gewitter",5,6,6,"","",12,0.5,2.2
11,"Novbr.","Gewitter",5,,,"","",12,0.0,0.0
12,"Decbr.","Gewitter",5,1,1,"","",12,0.08,0.4
1,"Januar","Sturm",6,23,23,"","",12,1.92,10.0
2,"Februar","Sturm",6,28,28,"","",12,2.33,12.2
3,"März","Sturm",6,32,32,"","",12,2.67,14.0
4,"April","Sturm",6,24,24,"","",12,2.0,10.5
5,"Mai","Sturm",6,6,6,"","",12,0.5,2.6
6,"Juni","Sturm",6,6,6,"","",12,0.5,2.6
7,"Juli","Sturm",6,17,17,"","",12,1.42,7.4
8,"August","Sturm",6,12,12,"","",12,1.0,5.2
9,"Septbr.","Sturm",6,10,10,"","",12,0.83,4.4
10,"October","Sturm",6,16,16,"","",12,1.33,7.0
11,"Novbr.","Sturm",6,24,24,"","",12,2.0,10.5
12,"Decbr.","Sturm",6,31,31,"","",12,2.58,13.5
1,"Januar","Hoehenrauch",7,,,"","",12,0.0,0.0
2,"Februar","Hoehenrauch",7,1,1,"","",12,0.08,1.0
3,"März","Hoehenrauch",7,2,2,"","",12,0.17,2.0
4,"April","Hoehenrauch",7,14,14,"","",12,1.17,13.7
5,"Mai","Hoehenrauch",7,34,34,"","",12,2.83,33.3
6,"Juni","Hoehenrauch",7,17,17,"","",12,1.42,16.7
7,"Juli","Hoehenrauch",7,8,8,"","",12,0.67,7.8
8,"August","Hoehenrauch",7,10,10,"","",12,0.83,9.8
9,"Septbr.","Hoehenrauch",7,5,5,"","",12,0.42,4.9
10,"October","Hoehenrauch",7,11,11,"","",12,0.92,10.8
11,"Novbr.","Hoehenrauch",7,,,"","",12,0.0,0.0
12,"Decbr.","Hoehenrauch",7,,,"","",12,0.0,0.0
1,"Januar","Sonnenhoefe",8,6,6,"","",12,0.5,4.1
2,"Februar","Sonnenhoefe",8,10,10,"","",12,0.83,6.9
3,"März","Sonnenhoefe",8,16,16,"","",12,1.33,11.0
4,"April","Sonnenhoefe",8,20,20,"","",12,1.67,13.8
5,"Mai","Sonnenhoefe",8,31,31,"","",12,2.58,21.4
6,"Juni","Sonnenhoefe",8,18,18,"","",12,1.5,12.4
7,"Juli","Sonnenhoefe",8,9,9,"","",12,0.75,6.2
8,"August","Sonnenhoefe",8,7,7,"","",12,0.58,4.8
9,"Septbr.","Sonnenhoefe",8,13,13,"","",12,1.08,9.0
10,"October","Sonnenhoefe",8,7,7,"","",12,0.58,4.8
11,"Novbr.","Sonnenhoefe",8,5,5,"","",12,0.42,3.4
12,"Decbr.","Sonnenhoefe",8,3,3,"","",12,0.25,2.1
1,"Januar","Mondhoefe",9,16,16,"","",12,1.33,20.3
2,"Februar","Mondhoefe",9,9,9,"","",12,0.75,11.4
3,"März","Mondhoefe",9,10,10,"","",12,0.83,12.7
4,"April","Mondhoefe",9,7,7,"","",12,0.58,8.9
5,"Mai","Mondhoefe",9,6,6,"","",12,0.5,7.6
6,"Juni","Mondhoefe",9,1,1,"","",12,0.08,1.3
7,"Juli","Mondhoefe",9,,,"","",12,0.0,0.0
8,"August","Mondhoefe",9,1,1,"","",12,0.08,1.3
9,"Septbr.","Mondhoefe",9,4,4,"","",12,0.33,5.1
10,"October","Mondhoefe",9,6,6,"","",12,0.5,7.6
11,"Novbr.","Mondhoefe",9,7,7,"","",12,0.58,8.9
12,"Decbr.","Mondhoefe",9,12,12,"","",12,1.0,15.2
1,"Januar","Zodiakal",10,2,2,"","",7,0.29,8.0
2,"Februar","Zodiakal",10,11,11,"","",7,1.57,44.0
3,"März","Zodiakal",10,8,8,"","",7,1.14,32.0
4,"April","Zodiakal",10,4,4,"","",7,0.57,16.0
5,"Mai","Zodiakal",10,,,"","",7,0.0,0.0
6,"Juni","Zodiakal",10,,,"","",7,0.0,0.0
7,"Juli","Zodiakal",10,,,"","",7,0.0,0.0
8,"August","Zodiakal",10,,,"","",7,0.0,0.0
9,"Septbr.","Zodiakal",10,,,"","",7,0.0,0.0
10,"October","Zodiakal",10,,,"","",7,0.0,0.0
11,"Novbr.","Zodiakal",10,,,"","",7,0.0,0.0
12,"Decbr.","Zodiakal",10,,,"","",7,0.0,0.0
1,"Januar","Nordlicht",11,2,2,"","",7,0.29,11.8
2,"Februar","Nordlicht",11,,,"","",7,0.0,0.0
3,"März","Nordlicht",11,2,2,"","",7,0.29,11.8
4,"April","Nordlicht",11,3,3,"","",7,0.43,17.6
5,"Mai","Nordlicht",11,,,"","",7,0.0,0.0
6,"Juni","Nordlicht",11,,,"","",7,0.0,0.0
7,"Juli","Nordlicht",11,,,"","",7,0.0,0.0
8,"August","Nordlicht",11,2,2,"","",7,0.29,11.8
9,"Septbr.","Nordlicht",11,2,2,"","",7,0.29,11.8
10,"October","Nordlicht",11,3,3,"","",7,0.43,17.6
11,"Novbr.","Nordlicht",11,,,"","",7,0.0,0.0
12,"Decbr.","Nordlicht",11,3,3,"","",7,0.43,17.6
