station,year,summer_r,winter_r,max_r,min_r,annual_r,summer_c,winter_c,max_c,min_c,annual_c
"Gera",1856,11.94,1.26,25.0,-15.5,6.6,14.92,1.57,31.25,-19.38,8.25
"Gera",1857,12.36,2.82,26.8,-14.4,7.59,15.45,3.52,33.5,-18.0,9.49
"Gera",1858,12.48,1.47,26.6,-15.4,6.97,15.6,1.84,33.25,-19.25,8.71
"Gera",1859,12.54,3.15,28.7,-11.3,7.84,15.67,3.94,35.88,-14.12,9.8
"Gera",1860,11.23,1.33,24.4,-12.4,6.28,14.04,1.66,30.5,-15.5,7.85
"Gera",1861,11.4,2.31,27.3,-22.7,6.85,14.25,2.89,34.12,-28.38,8.56
"Gera",1862,12.24,2.73,26.4,-13.0,7.48,15.3,3.41,33.0,-16.25,9.35
"Gera",1863,11.81,4.06,27.0,-7.5,7.93,14.76,5.07,33.75,-9.38,9.91
"Gera",1864,10.2,0.23,23.0,-15.5,5.21,12.75,0.29,28.75,-19.38,6.51
"Gera",1865,12.31,1.11,27.2,-17.5,6.71,15.39,1.39,34.0,-21.88,8.39
"Gera",1866,11.51,2.98,24.5,-8.1,7.24,14.39,3.73,30.62,-10.12,9.05
"Gera",1867,11.63,2.11,24.5,-14.5,6.87,14.54,2.64,30.62,-18.12,8.59
"Hohenleuben",1854,11.0,1.46,,,6.23,13.75,1.82,,,7.79
"Hohenleuben",1855,10.93,-0.17,,,5.38,13.66,-0.21,,,6.72
"Hohenleuben",1856,11.39,1.59,,,6.49,14.24,1.99,,,8.11
"Hohenleuben",1857,12.38,1.88,,,7.13,15.48,2.35,,,8.91
"Hohenleuben",1858,11.83,-0.09,,,5.87,14.79,-0.11,,,7.34
"Hohenleuben",1859,12.42,2.2,29.0,-12.5,7.31,15.53,2.75,36.25,-15.62,9.14
"Hohenleuben",1860,11.09,0.67,24.5,-12.0,5.88,13.86,0.84,30.62,-15.0,7.35
"Schleiz",1863,12.01,3.89,26.1,-10.2,7.95,15.01,4.86,32.62,-12.75,9.94
"Schleiz",1864,10.61,0.96,23.0,-16.1,5.78,13.26,1.2,28.75,-20.12,7.23
"Schleiz",1865,12.9,1.29,27.0,-16.5,7.09,16.12,1.61,33.75,-20.62,8.86
"Schleiz",1866,11.09,2.96,23.0,-10.0,7.02,13.86,3.7,28.75,-12.5,8.77
"Schleiz",1867,11.75,1.62,24.0,-10.0,6.68,14.69,2.03,30.0,-12.5,8.35
"Ziegenrück",1848,11.58,1.69,,,6.63,14.47,2.11,,,8.29
"Ziegenrück",1849,10.72,1.51,,,6.11,13.4,1.89,,,7.64
"Ziegenrück",1850,10.65,1.05,,,5.85,13.31,1.31,,,7.31
"Ziegenrück",1851,8.99,1.59,20.8,-12.1,5.29,11.24,1.99,26.0,-15.12,6.61
"Ziegenrück",1852,9.65,2.57,20.9,-12.6,6.11,12.06,3.21,26.12,-15.75,7.64
"Ziegenrück",1853,9.75,0.08,24.6,-17.4,4.91,12.19,0.1,30.75,-21.75,6.14
"Ziegenrück",1854,,,20.6,-14.5,,,,25.75,-18.12,
"Ziegenrück",1855,9.19,-0.21,22.2,-19.6,4.49,11.49,-0.26,27.75,-24.5,5.61
"Ziegenrück",1856,9.88,1.7,22.9,-15.5,5.79,12.35,2.12,28.62,-19.38,7.24
