year,branch,branch_de,branch_en,branch_order,n_lines
1240,"voigte","Voigte","Voigts",0,3
1240,"alt","Reuß ä. L.","Reuss older line",1,0
1240,"jung","Reuß j. L.","Reuss younger line",2,0
1305,"voigte","Voigte","Voigts",0,4
1305,"alt","Reuß ä. L.","Reuss older line",1,0
1305,"jung","Reuß j. L.","Reuss younger line",2,0
1535,"voigte","Voigte","Voigts",0,3
1535,"alt","Reuß ä. L.","Reuss older line",1,0
1535,"jung","Reuß j. L.","Reuss younger line",2,0
1550,"voigte","Voigte","Voigts",0,2
1550,"alt","Reuß ä. L.","Reuss older line",1,0
1550,"jung","Reuß j. L.","Reuss younger line",2,0
1564,"voigte","Voigte","Voigts",0,1
1564,"alt","Reuß ä. L.","Reuss older line",1,2
1564,"jung","Reuß j. L.","Reuss younger line",2,1
1572,"voigte","Voigte","Voigts",0,0
1572,"alt","Reuß ä. L.","Reuss older line",1,2
1572,"jung","Reuß j. L.","Reuss younger line",2,1
1583,"voigte","Voigte","Voigts",0,0
1583,"alt","Reuß ä. L.","Reuss older line",1,3
1583,"jung","Reuß j. L.","Reuss younger line",2,1
1596,"voigte","Voigte","Voigts",0,0
1596,"alt","Reuß ä. L.","Reuss older line",1,3
1596,"jung","Reuß j. L.","Reuss younger line",2,1
1616,"voigte","Voigte","Voigts",0,0
1616,"alt","Reuß ä. L.","Reuss older line",1,3
1616,"jung","Reuß j. L.","Reuss younger line",2,1
1625,"voigte","Voigte","Voigts",0,0
1625,"alt","Reuß ä. L.","Reuss older line",1,4
1625,"jung","Reuß j. L.","Reuss younger line",2,1
1636,"voigte","Voigte","Voigts",0,0
1636,"alt","Reuß ä. L.","Reuss older line",1,3
1636,"jung","Reuß j. L.","Reuss younger line",2,1
1640,"voigte","Voigte","Voigts",0,0
1640,"alt","Reuß ä. L.","Reuss older line",1,2
1640,"jung","Reuß j. L.","Reuss younger line",2,1
1647,"voigte","Voigte","Voigts",0,0
1647,"alt","Reuß ä. L.","Reuss older line",1,2
1647,"jung","Reuß j. L.","Reuss younger line",2,4
1666,"voigte","Voigte","Voigts",0,0
1666,"alt","Reuß ä. L.","Reuss older line",1,2
1666,"jung","Reuß j. L.","Reuss younger line",2,3
1668,"voigte","Voigte","Voigts",0,0
1668,"alt","Reuß ä. L.","Reuss older line",1,4
1668,"jung","Reuß j. L.","Reuss younger line",2,3
1678,"voigte","Voigte","Voigts",0,0
1678,"alt","Reuß ä. L.","Reuss older line",1,4
1678,"jung","Reuß j. L.","Reuss younger line",2,5
1694,"voigte","Voigte","Voigts",0,0
1694,"alt","Reuß ä. L.","Reuss older line",1,5
1694,"jung","Reuß j. L.","Reuss younger line",2,5
1698,"voigte","Voigte","Voigts",0,0
1698,"alt","Reuß ä. L.","Reuss older line",1,2
1698,"jung","Reuß j. L.","Reuss younger line",2,5
1711,"voigte","Voigte","Voigts",0,0
1711,"alt","Reuß ä. L.","Reuss older line",1,2
1711,"jung","Reuß j. L.","Reuss younger line",2,4
1768,"voigte","Voigte","Voigts",0,0
1768,"alt","Reuß ä. L.","Reuss older line",1,1
1768,"jung","Reuß j. L.","Reuss younger line",2,4
1802,"voigte","Voigte","Voigts",0,0
1802,"alt","Reuß ä. L.","Reuss older line",1,1
1802,"jung","Reuß j. L.","Reuss younger line",2,3
1824,"voigte","Voigte","Voigts",0,0
1824,"alt","Reuß ä. L.","Reuss older line",1,1
1824,"jung","Reuß j. L.","Reuss younger line",2,2
1848,"voigte","Voigte","Voigts",0,0
1848,"alt","Reuß ä. L.","Reuss older line",1,1
1848,"jung","Reuß j. L.","Reuss younger line",2,1
1870,"voigte","Voigte","Voigts",0,0
1870,"alt","Reuß ä. L.","Reuss older line",1,1
1870,"jung","Reuß j. L.","Reuss younger line",2,1
