landestheil_de,landestheil_en,lt_nr,jahr,besitzer_de,besitzer_en,besitzer_nr,anzahl,balken_de,balken_en
"Gera","Gera",1,1647,"Adlige","Nobility",1,34,"Gera 1647","Gera 1647"
"Gera","Gera",1,1867,"Adlige","Nobility",1,7,"Gera 1867","Gera 1867"
"Gera","Gera",1,1867,"Bürgerliche","Commoners",2,14,"Gera 1867","Gera 1867"
"Gera","Gera",1,1867,"Fürstliche","Princely house",3,5,"Gera 1867","Gera 1867"
"Schleiz","Schleiz",2,1647,"Adlige","Nobility",1,16,"Schleiz 1647","Schleiz 1647"
"Schleiz","Schleiz",2,1867,"Adlige","Nobility",1,1,"Schleiz 1867","Schleiz 1867"
"Schleiz","Schleiz",2,1867,"Bürgerliche","Commoners",2,3,"Schleiz 1867","Schleiz 1867"
"Schleiz","Schleiz",2,1867,"Fürstliche","Princely house",3,2,"Schleiz 1867","Schleiz 1867"
"Lobenstein-Ebersdorf","Lobenstein-Ebersdorf",3,1647,"Adlige","Nobility",1,22,"Lobenstein-Ebersdorf 1647","Lobenstein-Ebersdorf 1647"
"Lobenstein-Ebersdorf","Lobenstein-Ebersdorf",3,1867,"Adlige","Nobility",1,1,"Lobenstein-Ebersdorf 1867","Lobenstein-Ebersdorf 1867"
"Lobenstein-Ebersdorf","Lobenstein-Ebersdorf",3,1867,"Bürgerliche","Commoners",2,8,"Lobenstein-Ebersdorf 1867","Lobenstein-Ebersdorf 1867"
"Fürstentum","Principality",4,1647,"Adlige","Nobility",1,72,"Fürstentum 1647","Principality 1647"
"Fürstentum","Principality",4,1867,"Adlige","Nobility",1,9,"Fürstentum 1867","Principality 1867"
"Fürstentum","Principality",4,1867,"Bürgerliche","Commoners",2,25,"Fürstentum 1867","Principality 1867"
"Fürstentum","Principality",4,1867,"Fürstliche","Princely house",3,7,"Fürstentum 1867","Principality 1867"
