place_id,name,landestheil,class_de,class_en,inhabitants,first_year,first_basis,half_century,n_forms,n_dated,forms,page,block
"ernsee","Ernsee","Gera","Dorf","Village",136,1397,"Angabe im Artikel",1350,6,2,"1397 Ernse; 1533 Ernsehe; Irrensehe; Irrenshöhe; Errensehe; Ehrensee","418","b3"
"untermhaus","Untermhaus","Gera","Dorf","Village",1731,1191,"Angabe im Artikel",1150,3,3,"1191 Unterhaus; 1534 Underhaus; 1534 Unterheuser","420","b2"
"cuba","Cuba","Gera","Dorf","Village",328,1534,"Angabe im Artikel",1500,1,1,"1534 Kuba","423","b2"
"roschitz","Roschitz","Gera","Dorf","Village",32,1146,"Angabe im Artikel",1100,5,4,"1146 Rodhacice; 1401 Radeschitz; 1488 Rodeschitz; 1533 Ratschiz; Rodenschütz","423","b3"
"tinz","Tinz","Gera","Dorf","Village",315,1290,"Angabe im Artikel",1250,7,7,"1290 Tyncz; 1323 Tinz; 1496 Teintz; 1533 Dintz; 1534 Tyntz; 1540 Thyntz; 1639 Düntz","425","b2"
"bieblach","Bieblach","Gera","Dorf","Village",109,1322,"Angabe im Artikel",1300,3,3,"1322 Weblok; 1533 Wiblach; 1534 Wiblick","427","b2"
"gera","Gera","Gera","Stadt","Town",16283,1125,"Angabe im Artikel",1100,6,2,"1125 Geraha; Gerawe; 1145 Ghera; Gerau; Cheraw; Jera","428","b1"
"debschwitz","Debschwitz","Gera","Dorf","Village",374,1533,"früheste datierte Namensform",1500,4,2,"Debschitz; Dobschwitz; 1533 Deschitz; 1534 Dobschitz","449","b2"
"pforten","Pforten","Gera","Dorf","Village",549,,,,0,0,"","450","b2"
"zwoetzen","Zwötzen","Gera","Dorf","Village",551,1358,"Angabe im Artikel",1350,4,3,"Zwecen; 1358 Czwoczen; 1410 Zwoizen; 1533 Zweczen","451","b2"
"lusan","Lusan","Gera","Dorf","Village",140,1240,"Angabe im Artikel",1200,4,3,"1240 Losa; Losen; 1348 Lossan; 1534 Losa","453","b2"
"oberroeppisch","Oberröppisch","Gera","Dorf","Village",128,1239,"Angabe im Artikel",1200,5,4,"1239 Robschiz; Robschwiz; 1533 Obernrepschiz; 1534 Ropschiz; 1670 Oberropschiz","455","b2"
"zeulsdorf","Zeulsdorf","Gera","Dorf","Village",95,1533,"früheste datierte Namensform",1500,3,1,"Zeulsdorf; Zeilsdorf; 1533 Seulsdorf","456","b2"
"weissig","Weißig","Gera","Dorf","Village",130,1534,"Angabe im Artikel",1500,4,2,"1534 Weissigk; 1647 Weißka; Weißke; Weißig","457","b2"
"duerrenebersdorf","Dürrenebersdorf","Gera","Dorf","Village",345,1533,"früheste datierte Namensform",1500,4,2,"Dorren-Ebersdorf; Durren-Ebersdorf; 1533 Durnbergsdorf; 1647 Dürren-Ebersdorf","458","b2"
"gorlitzsch","Gorlitzsch","Gera","Dorf","Village",36,1533,"früheste datierte Namensform",1500,5,2,"Kurlitzsch; Gurlitzsch; 1533 Gorliz; 1707 Gorlitzsch; Gorlitz","460","b2"
"hundhaupten","Hundhaupten","Gera","Dorf","Village",165,1262,"Angabe im Artikel",1250,4,2,"Hunthewten; Hundhoit; 1534 Hundhäubt; 1660 Hundhäubten","461","b2"
"schoena","Schöna","Gera","Dorf","Village",163,,,,3,0,"Sconauwe; Schenaw; Schönau","462","b2"
"waltersdorf","Waltersdorf","Gera","Dorf","Village",345,1288,"Angabe im Artikel",1250,1,1,"1288 Waltersdorf","463","b2"
"kleinsaara","Kleinsaara","Gera","Dorf","Village",143,1640,"früheste datierte Namensform",1600,3,2,"Klein-Serichen; 1640 Särl; 1647 Kleinsara","466","b2"
"grosssaara","Großsaara","Gera","Dorf","Village",296,1533,"Angabe im Artikel",1500,2,2,"1533 Sara; 1533 Großen Sara","467","b2"
"geissen","Geißen","Gera","Dorf","Village",116,1121,"Angabe im Artikel",1100,4,2,"1121 Gizsan; 1533 Geisingen; Geussingen; Geussen","469","b2"
"langengrobsdorf","Langengrobsdorf","Gera","Dorf","Village",77,1533,"Angabe im Artikel",1500,1,1,"1533 Grobstorf","470","b2"
"windischenbernsdorf","Windischenbernsdorf","Gera","Dorf","Village",254,1333,"Angabe im Artikel",1300,2,2,"1333 Börensdorf; 1534 Winschenbernsdorf","471","b2"
"scheubengrobsdorf","Scheubengrobsdorf","Gera","Dorf","Village",221,,,,2,0,"Scheiblingengrobsdorf; Scheibengrobsdorf","472","b2"
"frankenthal","Frankenthal","Gera","Dorf","Village",689,,,,0,0,"","473","b2"
"thieschitz","Thieschitz","Gera","Dorf","Village",129,1533,"Angabe im Artikel",1500,4,1,"1533 Theschiß; Tieschiß; Thischitz; Teschwitz","476","b2"
"milbitz","Milbitz","Gera","Dorf","Village",81,1533,"Angabe im Artikel",1500,2,1,"1533 Mylwitz; Mulbiß","477","b2"
"rubitz","Rubitz","Gera","Dorf","Village",225,1121,"Angabe im Artikel",1100,6,3,"1121 Rupizan; 1146 Ropizane; Robicz; 1488 Robitz; Drobitz; Drowitz","478","b2"
"toeppeln","Töppeln","Gera","Dorf","Village",244,1333,"Angabe im Artikel",1300,3,2,"1333 Topelin; Tepiln; 1533 Doppiln","479","b3"
"muehlsdorf","Mühlsdorf","Gera","Dorf","Village",176,1330,"Angabe im Artikel",1300,2,2,"1330 Milensdorf; 1533 Mülstorff","481","b1"
"poersdorf","Pörsdorf","Gera","Dorf","Village",138,1647,"früheste datierte Namensform",1600,2,1,"Porßdorf; 1647 Bersdorf","482","b3"
"niederndorf","Niederndorf","Gera","Dorf","Village",269,1184,"Angabe im Artikel",1150,2,2,"1184 Niderindorf; 1533 Niderndorf","483","b2"
"kaltenborn","Kaltenborn","Gera","Dorf","Village",245,1333,"Angabe im Artikel",1300,1,1,"1333 Kaltenborn","484","b2"
"harpersdorf","Harpersdorf","Gera","Dorf","Village",412,1333,"Angabe im Artikel",1300,1,1,"1333 Harprechtsdorf","485","b2"
"kraftsdorf","Kraftsdorf","Gera","Dorf","Village",553,1333,"Angabe im Artikel",1300,2,2,"1333 Krafsdorf; 1533 Kraftstorf","487","b2"
"ruedersdorf","Rüdersdorf","Gera","Dorf","Village",512,1189,"Angabe im Artikel",1150,6,6,"1189 Rutersdorf; 1267 Rüttersdorf; 1364 Rudigerstorff; 1533 Rudigsdorf; 1543 Ruttersdorf; 1613 Rudigisdorf","489","b2"
"stuebnitz","Stübnitz","Gera","Dorf","Village",216,1364,"Angabe im Artikel",1350,2,1,"1364 Stobenicze; Stubniz","490","b3"
"gruena","Grüna","Gera","Dorf","Village",129,1533,"Angabe im Artikel",1500,2,1,"Grunau; 1533 Grune","491","b2"
"hartmannsdorf","Hartmannsdorf","Gera","Dorf","Village",274,,,,0,0,"","492","b2"
"koestritz","Köstritz","Gera","Dorf","Village",1524,1364,"Angabe im Artikel",1350,3,2,"1364 Kostricz; Kostritza; 1533 Kosteriz","494","b2"
"gleina","Gleina","Gera","Dorf","Village",147,1533,"Angabe im Artikel",1500,2,1,"Gline; 1533 Gleine","499","b4"
"seifartsdorf","Seifartsdorf","Gera","Dorf","Village",148,1260,"Angabe im Artikel",1250,5,3,"1260 Siversdorf; 1364 Siebrechtsdorf; 1364 Sifridesdorf; Seyfartsdorf; Seuffersdorf","501","b2"
"caaschwitz","Caaschwitz","Gera","Dorf","Village",422,1191,"Angabe im Artikel",1150,3,2,"1191 Kosawatz; Kaciz; 1533 Kaschwitz","503","b2"
"pohlitz","Pohlitz","Gera","Dorf","Village",345,1364,"Angabe im Artikel",1350,5,3,"1364 Policz; 1394 Palicz; Police; Politz; 1647 Pohlitz","505","b2"
"stublach","Stublach","Gera","Dorf","Village",126,1364,"Angabe im Artikel",1350,7,1,"1364 Stobelag; Stublak; Stublagk; Stoblagk; Stoblach; Stubligk; Stobligk","507","b5"
"langenberg","Langenberg","Gera","Marktflecken","Market town",1453,,,,5,0,"Langinberch; Langinberg; Lengenbergk; Langenbergk; Laninberch","510","b2"
"roben","Roben","Gera","Dorf","Village",279,1209,"Angabe im Artikel",1200,4,3,"1209 Rubi; Rum; 1364 Robin; 1533 Roben","515","b2"
"steinbruecken","Steinbrücken","Gera","Dorf","Village",314,1364,"Angabe im Artikel",1350,2,2,"1364 Steinbrück; 1533 Steinbruck","517","b2"
"rusitz","Rusitz","Gera","Dorf","Village",124,1121,"Angabe im Artikel",1100,3,3,"1121 Ritazne; 1146 Radhacice; 1533 Rositz","519","b3"
"lessen","Lessen","Gera","Dorf","Village",163,1364,"Angabe im Artikel",1350,6,5,"Losczan; 1364 Leussowe; 1364 Lussawe; 1533 Leusten; 1564 Lössen; 1566 Leussen","520","b2"
"grossaga","Großaga","Gera","Dorf","Village",723,1364,"Angabe im Artikel",1350,8,5,"1364 Grossen Agow; 1364 Agowe; 1518 Agaw; 1533 großen Agaw; 1564 großen Aga; major Aga; Groß Agau; Groß Aga","521","b2"
"kleinaga","Kleinaga","Gera","Dorf","Village",267,1364,"Angabe im Artikel",1350,5,1,"1364 Wenigen Agow; Kleinagaw; minor Aga; Wenigen Aga; Wenigen Agaw","525","b2"
"reichenbach","Reichenbach","Gera","Dorf","Village",105,1364,"Angabe im Artikel",1350,2,1,"1364 Richenbach; Reichenbach","527","b3"
"seeligenstaedt","Seeligenstädt","Gera","Dorf","Village",95,1364,"Angabe im Artikel",1350,3,2,"1364 Selgenstad; Seligstett; 1647 Seelstädt","529","b2"
"hermsdorf","Hermsdorf","Gera","Dorf","Village",199,1364,"Angabe im Artikel",1350,6,3,"1364 Herbrandesdorf; 1533 Hermersdorf; 1564 Hermbsdorf; Hermsdorf; Hernsdorf; Heinsdorf","530","b2"
"wernsdorf-gera","Wernsdorf","Gera","Dorf","Village",161,1364,"Angabe im Artikel",1350,2,2,"1364 Wernhersdorf; 1533 Wernsdorf","531","b2"
"kretzschwitz","Kretzschwitz","Gera","Dorf","Village",123,1121,"Angabe im Artikel",1100,5,4,"1121 Gresewiz; 1146 Crescuwice; 1381 Krestewytz; 1533 Kretschwitz; Kretzwitz","533","b1"
"soellmnitz","Söllmnitz","Gera","Dorf","Village",342,1121,"Angabe im Artikel",1100,5,4,"1121 Selmiz; 1146 Selmice; 1333 Selmenicz; 1533 Selmiz; Selmenitz","534","b3"
"hirschfeld","Hirschfeld","Gera","Dorf","Village",228,1333,"Angabe im Artikel",1300,5,3,"1333 Hersvelt; 1355 Herßfelt; 1364 Hersvelde; Hersfeld; Hirschfeld","536","b4"
"bethenhausen","Bethenhausen","Gera","Dorf","Village",111,1364,"Angabe im Artikel",1350,4,4,"1364 Bettenhusen; 1384 Betenhusin; 1533 Beitenhausen; 1533 Bettenhausen","539","b2"
"naundorf","Naundorf","Gera","Dorf","Village",366,1121,"Angabe im Artikel",1100,5,3,"1121 Nuendorf; 1439 Nuwendorf; 1440 Nauendorf; Neundorf; Naundorf","540","b2"
"caasen","Caasen","Gera","Dorf","Village",108,1364,"Angabe im Artikel",1350,1,1,"1364 Kazin","542","b2"
"groitschen","Groitschen","Gera","Dorf","Village",94,1146,"Angabe im Artikel",1100,7,3,"1146 Growithan; 1333 Greuczsch; 1533 Graitsch; Groitsch; Groitzschen; Graitschen; Greutschen","543","b2"
"waaswitz","Waaswitz","Gera","Dorf","Village",47,1333,"Angabe im Artikel",1300,5,1,"1333 Wasenewitz; Waasewitz; Waswitz; Waaswitz; Waßwitz","544","b2"
"culm","Culm","Gera","Dorf","Village",194,1333,"Angabe im Artikel",1300,3,2,"1333 Kulmen; Culma; 1533 Kolma","546","b2"
"zschippach","Zschippach","Gera","Dorf","Village",170,1488,"Angabe im Artikel",1450,3,2,"Tippach; 1488 Czschippach; 1533 Zschippach","547","b2"
"dorna","Dorna","Gera","Dorf","Village",285,1333,"Angabe im Artikel",1300,3,3,"1333 Turnaw; 1415 Thornaw; 1533 Tornaw","549","b2"
"negis","Negis","Gera","Dorf","Village",93,1121,"Angabe im Artikel",1100,5,4,"1121 Nigaune; 1333 Nygas; 1364 Negaz; 1364 Wenigen-Negaz; Nigis","552","b2"
"schwaara","Schwaara","Gera","Dorf","Village",185,1307,"Angabe im Artikel",1300,7,2,"1307 Sqwaara; 1371 Squar; Sqwaar; Zschwaar; Schwaaraw; Swaarau; Schwaarau","553","b2"
"trebnitz","Trebnitz","Gera","Dorf","Village",256,1376,"Angabe im Artikel",1350,2,1,"1376 Trebniz; Dröbniz","555","b3"
"laasen","Laasen","Gera","Dorf","Village",119,1333,"Angabe im Artikel",1300,3,3,"1333 Lasan; 1363 Lossen; 1647 Laasan","558","b2"
"leumnitz","Leumnitz","Gera","Dorf","Village",387,1407,"Angabe im Artikel",1400,5,4,"Lubinitz; 1407 Leubeniz; 1534 Leubnitz; 1546 Leibenitz; 1647 Leubnitz","559","b2"
"zschippern","Zschippern","Gera","Dorf","Village",107,,,,0,0,"","560","b2"
"collis","Collis","Gera","Dorf","Village",76,1333,"Angabe im Artikel",1300,3,2,"1333 Kols; Koldiz; 1534 Collis","561","b2"
"kaimberg","Kaimberg","Gera","Dorf","Village",319,1333,"Angabe im Artikel",1300,7,2,"1333 Keime; Keim; Kaim; Kaym; Keimberg; 1533 Keimperg; Kaymberg","562","b2"
"lichtenberg","Lichtenberg","Gera","Dorf","Village",125,,,,0,0,"","563","b2"
"pohlen","Pohlen","Gera","Dorf","Village",126,1308,"Angabe im Artikel",1300,2,2,"1308 Polen; 1533 Bolen","564","b2"
"kleinfalke","Kleinfalke","Gera","Dorf","Village",181,1308,"Angabe im Artikel",1300,5,2,"1308 Valke; 1533 Unterfalke; Kleinfalkau; Kleinfalken; Kleinfalke","565","b2"
"wuestfalke","Wüstfalke","Gera","Dorf","Village",176,1308,"Angabe im Artikel",1300,4,2,"1308 Valke; 1533 Wüstfalke; Wüstfalkau; Wüstfalken","565","b2"
"otticha","Otticha","Gera","Dorf","Village",85,1359,"Angabe im Artikel",1350,2,2,"1359 Ottichaw; 1533 Ottigen","568","b2"
"schleiz","Schleiz","Schleiz","Stadt","Town",4953,1232,"Angabe im Artikel",1200,13,13,"1232 Slewizt; 1273 Slowicz; 1312 Sleowicz; 1325 Slöwicz; 1325 Slewiz; 1325 Slawiz; 1350 Slowiz; 1350 Schlewitz; 1415 Sleidiz; 1486 Sleuz; 1486 Schlaiz; 1486 Schleuz; 1486 Schleiz","579","b1"
"oberboehmsdorf","Oberböhmsdorf","Schleiz","Dorf","Village",682,1362,"Angabe im Artikel",1350,8,6,"1362 Bemisdorf; 1374 Bemsdorf; 1374 Behemsdorf; 1533 Behmsdorf; 1533 Behemestorff; 1533 Behmerstorff; Oberböhmsdorf; Oberböhmersdorf","594","b2"
"oschitz","Oschitz","Schleiz","Dorf","Village",754,1368,"Angabe im Artikel",1350,4,4,"1368 Osschicze; 1374 Osschicz; 1374 Oschütz; 1374 Oschiz","596","b3"
"goerkwitz","Görkwitz","Schleiz","Dorf","Village",304,1377,"Angabe im Artikel",1350,5,5,"1377 Görkwicz; 1394 Gerckwitz; 1533 Jorgkwitz; 1647 Görgwitz; 1647 Görgkwiz","600","b6"
"oettersdorf","Oettersdorf","Schleiz","Dorf","Village",776,1320,"Angabe im Artikel",1300,7,7,"1320 Oettirsdorf; 1325 Ottendorf; 1387 Oettistorf; 1387 Ottirsdorf; 1387 Ottersdorf; 1387 Otterdorf; 1580 Oettersdorf","602","b2"
"poermitz","Pörmitz","Schleiz","Dorf","Village",252,1445,"Angabe im Artikel",1400,3,3,"1445 Pormitz; 1445 Pörmitz; 1533 Burmiz","604","b2"
"loehma","Löhma","Schleiz","Dorf","Village",459,1371,"Angabe im Artikel",1350,4,4,"1371 Lohma; 1371 Loma; 1371 Lohmen; 1371 Löhma","606","b3"
"goeschitz","Göschitz","Schleiz","Dorf","Village",278,1394,"Angabe im Artikel",1350,9,5,"Jodoschiz; Jodutczitcze; 1394 Godeschyz; 1394 Godeschiz; 1394 Godeczchiz; 1533 Gotschiz; 1534 Jodischitz; Goschütz; Göschitz","609","b2"
"roedersdorf","Rödersdorf","Schleiz","Dorf","Village",109,1341,"Angabe im Artikel",1300,2,2,"1341 Rödersdorf; 1341 Redersdorf","611","b2"
"dittersdorf","Dittersdorf","Schleiz","Dorf","Village",363,1387,"Angabe im Artikel",1350,4,4,"1387 Dittrichstorf; 1387 Dietrichsdorf; 1647 Dietersdorf; 1647 Dittersdorf","614","b2"
"dragensdorf","Dragensdorf","Schleiz","Dorf","Village",106,1534,"Angabe im Artikel",1500,4,4,"1534 Draxdorf; 1647 Drogensdorf; 1647 Tragensdorf; 1647 Dragensdorf","616","b2"
"tegau","Tegau","Schleiz","Dorf","Village",350,1419,"Angabe im Artikel",1400,4,4,"1419 Techaw; 1533 Techa; 1533 Tegaw; 1533 Tega","617","b2"
"burkersdorf","Burkersdorf","Schleiz","Dorf","Village",154,,,,2,0,"Burkartsdorf; Burchartsdorf","619","b2"
"pahren","Pahren","Schleiz","Dorf","Village",354,1498,"Angabe im Artikel",1450,4,4,"1498 Parn; 1533 Baren; 1533 Bahren; 1647 Pahren","620","b2"
"kirschkau","Kirschkau","Schleiz","Dorf","Village",294,1335,"Angabe im Artikel",1300,5,5,"1335 Kyrscowe; 1489 Kirsta; 1489 Kirschka; 1533 Kirskha; 1684 Kirschkau","622","b4"
"loessau","Lössau","Schleiz","Dorf","Village",306,1335,"Angabe im Artikel",1300,6,6,"1335 Lezowe; 1498 Lessa; 1498 Lessaw; 1533 Loßke; 1533 Lossa; 1648 Lessa","625","b2"
"leitlitz","Leitlitz","Schleiz","Dorf","Village",229,1407,"Angabe im Artikel",1400,4,4,"1407 Leutlitz; 1407 Leidtlitze; 1407 Leudtlitz; 1407 Leizlitz","626","b2"
"weckersdorf","Weckersdorf","Schleiz","Dorf","Village",306,1533,"Angabe im Artikel",1500,3,3,"1533 Wegkersdorff; 1533 Weichersdorf; 1647 Wöckersdorf","628","b2"
"hohenleuben","Hohenleuben","Schleiz","Marktflecken","Market town",2536,1312,"Angabe im Artikel",1300,7,2,"1312 Lewben; 1396 Lewen; Lewbin; Leuben; Lüben; Höenleuben; Hohenleuben","633","b2"
"langenwetzendorf","Langenwetzendorf","Schleiz","Dorf","Village",2135,1268,"Angabe im Artikel",1250,6,1,"1268 Weyczendorf; Wiczendorf; Weitzendorf; Waitzendorf; Langenweitzendorf; Langenwetzendorf","642","b3"
"hirschbach","Hirschbach","Schleiz","Dorf","Village",99,,,,0,0,"","645","b2"
"goettendorf","Göttendorf","Schleiz","Dorf","Village",287,1533,"Angabe im Artikel",1500,2,2,"1533 Geutendorf; 1647 Göttendorf","646","b2"
"neuaergerniss","Neuärgerniß","Schleiz","Dorf","Village",175,,,,0,0,"","647","b2"
"poellwitz","Pöllwitz","Schleiz","Dorf","Village",137,,,,1,0,"Pedelwitz","648","b2"
"niederboehmsdorf","Niederböhmsdorf","Schleiz","Dorf","Village",430,1489,"Angabe im Artikel",1450,6,2,"1489 Behemsdorf; Behmsdorf; Böhmsdorf; 1533 Nidern Behmsdorf; Niederböhmsdorf; Niederböhmersdorf","649","b2"
"triebes","Triebes","Schleiz","Dorf","Village",1760,1533,"Angabe im Artikel",1500,2,1,"1533 Trebes; Tribes","650","b2"
"weissendorf","Weißendorf","Schleiz","Dorf","Village",442,,,,0,0,"","654","b5"
"langenwolschendorf","Langenwolschendorf","Schleiz","Dorf","Village",698,1335,"Angabe im Artikel",1300,9,7,"1335 Wolschindorf; 1415 Wolschindorf; Wolfersdorf; Langenwolschindorf; 1533 Wolfsdorf; 1533 Wolschendorf; 1594 Langenwolschendorf; 1594 Langenwolfersdorf; 1647 Langenwolfersdorf","655","b2"
"kleinwolschendorf","Kleinwolschendorf","Schleiz","Dorf","Village",206,1647,"früheste datierte Namensform",1600,3,1,"Wolschendorf; Kleinwolschindorf; 1647 Kleinwolfersdorf","659","b2"
"saalburg","Saalburg","Schleiz","Stadt","Town",1214,1222,"Angabe im Artikel",1200,11,2,"1222 Saleburch; Salenberch; 1233 Saleberc; Salburk; Salburgk; Salborg; Sahlburgk; Salaburg; Salberg; Salebergk; Saleburg","662","b4"
"graefenwarth","Gräfenwarth","Schleiz","Dorf","Village",387,1325,"Angabe im Artikel",1300,2,2,"1325 Grevenwart; 1647 Gräfenwarth","672","b4"
"kulm","Kulm","Schleiz","Dorf","Village",233,1318,"Angabe im Artikel",1300,3,2,"1318 Culme; 1533 Kolm; Culm","675","b3"
"wernsdorf-schleiz","Wernsdorf","Schleiz","Dorf","Village",174,1533,"Angabe im Artikel",1500,3,2,"1533 Bernstorff; Bernsdorf; 1647 Werrensdorf","677","b3"
"raila","Raila","Schleiz","Dorf","Village",147,1325,"Angabe im Artikel",1300,6,3,"1325 Reula; 1533 Rehlaw; 1647 Raylau; Reyla; Rayla; Railau","678","b2"
"kuensdorf","Künsdorf","Schleiz","Dorf","Village",327,1325,"Angabe im Artikel",1300,9,6,"1325 Kungestorf; 1331 Kunigestorf; 1350 Kungstorf; Kunigistorf; Kunigesdorf; 1533 Kunigstorf; 1533 Konerstorf; 1647 Kunßdorf; Kiensdorf","679","b2"
"seubtendorf","Seubtendorf","Schleiz","Dorf","Village",379,1381,"Angabe im Artikel",1350,5,2,"1381 Sibotendorf; Seubotendorf; 1533 Seynerstorf; Seitendorf; Seibetendorf","681","b2"
"tanna","Tanna","Schleiz","Stadt","Town",1801,1240,"Angabe im Artikel",1200,5,3,"1240 Tan; 1310 Tanna; Tann; Thanna; 1533 Markt zur Than","684","b1"
"frankendorf","Frankendorf","Schleiz","Dorf","Village",245,1350,"Angabe im Artikel",1350,1,1,"1350 Brankendorf","690","b2"
"schilbach","Schilbach","Schleiz","Dorf","Village",336,1325,"Angabe im Artikel",1300,5,2,"1325 Schiltpach; Schilbach; 1647 Schielbach; Schildbach; Schillbach","691","b2"
"zollgruen","Zollgrün","Schleiz","Dorf","Village",457,1350,"Angabe im Artikel",1350,8,7,"Grün; 1350 Gotschalgsgrün; 1404 Grün; 1443 Gottschalgsgrün; 1533 Grün; 1533 Gottschalksgrün; 1604 Zollgrün; 1647 Gottschalksgrün oder Zollgrün","693","b2"
"mielesdorf","Mielesdorf","Schleiz","Dorf","Village",426,1533,"Angabe im Artikel",1500,4,1,"1533 Millersdorf; Milesdorf; Mielesdorf; Mühlesdorf","695","b3"
"unterkoskau","Unterkoskau","Schleiz","Dorf","Village",482,1325,"Angabe im Artikel",1300,6,3,"1325 Koskode; 1350 Koskode; Kozzebode; 1533 Coßka; Unterkoska; Unterkoskau","698","b2"
"oberkoskau","Oberkoskau","Schleiz","Dorf","Village",137,1350,"Angabe im Artikel",1350,3,2,"1350 Obirnkostode; major Koskoth; 1368 Obirnkozzkode","699","b2"
"willersdorf","Willersdorf","Schleiz","Dorf","Village",212,1533,"Angabe im Artikel",1500,3,2,"1533 Willesdorf; Wilmersdorf; 1647 Willersdorf und Willesdorf","700","b2"
"stelzen","Stelzen","Schleiz","Dorf","Village",325,1279,"Angabe im Artikel",1250,2,2,"1279 Stelcze; 1335 Stelcze","702","b4"
"spielmes","Spielmes","Schleiz","Dorf","Village",154,,,,4,0,"Spilmeß; Spilmes; Spielmeß; Spielmes","704","b2"
"lobenstein","Lobenstein","Lobenstein-Ebersdorf","Stadt","Town",2843,1271,"Angabe im Artikel",1250,3,2,"1271 zu dem Lobensteyn; Lobinstein; 1310 Lobenstein","713","b3"
"saaldorf","Saaldorf","Lobenstein-Ebersdorf","Dorf","Village",831,,,,0,0,"","723","b3"
"poeritzsch","Pöritzsch","Lobenstein-Ebersdorf","Dorf","Village",163,1533,"Angabe im Artikel",1500,3,3,"1533 Peritsch; 1559 Boretsch; 1647 Pöritzsch","730","b1"
"ebersdorf","Ebersdorf","Lobenstein-Ebersdorf","Marktflecken","Market town",1008,,,,2,0,"Ebirstorf; Ebersdorf","731","b3"
"schoenbrunn","Schönbrunn","Lobenstein-Ebersdorf","Dorf","Village",561,1325,"Angabe im Artikel",1300,3,1,"1325 Schonenbrunnen; Schonbrun; Schönborn","740","b2"
"unterlemnitz","Unterlemnitz","Lobenstein-Ebersdorf","Dorf","Village",372,1411,"Angabe im Artikel",1400,5,5,"1411 Lombnitz; 1411 Lömbs; 1500 Nyderlommetz; 1509 Nider-Lommitz; 1509 Unterlomnitz","742","b2"
"helmsgruen","Helmsgrün","Lobenstein-Ebersdorf","Dorf","Village",456,1500,"Angabe im Artikel",1500,4,4,"1500 Helbisgrun; 1509 Helbersgrun; 1543 Helbensgrun; 1647 Helmesgrühn","743","b2"
"heinersdorf","Heinersdorf","Lobenstein-Ebersdorf","Dorf","Village",605,1347,"Angabe im Artikel",1300,3,3,"1347 Heinrichstorf; 1347 Heinrichsdorf; 1500 Hinnerstorf","744","b2"
"oberlemnitz","Oberlemnitz","Lobenstein-Ebersdorf","Dorf","Village",238,1411,"Angabe im Artikel",1400,6,6,"1411 Lombnitz; 1411 Lömbs; 1411 Lomnitz; 1509 Ober-Lommitz; 1543 Oberlomnitz; 1543 Oberlumitz","747","b6"
"eliasbrunn","Eliasbrunn","Lobenstein-Ebersdorf","Dorf","Village",267,1072,"Angabe im Artikel",1050,4,4,"1072 Adelgerisbrunen; 1500 Cylgeßbrun; 1543 Elgersbrun; 1600 Eliasbrunn","749","b1"
"ruppersdorf","Ruppersdorf","Lobenstein-Ebersdorf","Dorf","Village",426,1543,"Angabe im Artikel",1500,3,1,"Ort St. Ruperti; Ruprechtsdorf; 1543 Rupersdorf","750","b2"
"thierbach","Thierbach","Lobenstein-Ebersdorf","Dorf","Village",179,1509,"Angabe im Artikel",1500,3,3,"1509 Tirbach; 1509 Thürbach; 1509 Türpach","752","b2"
"lueckenmuehle","Lückenmühle","Lobenstein-Ebersdorf","Dorf","Village",124,,,,0,0,"","753","b2"
"karolinenfield","Karolinenfield","Lobenstein-Ebersdorf","Dorf","Village",64,,,,3,1,"Waldhaus; Vorwerk; 1790 Widerwillen","755","b2"
"thimmendorf","Thimmendorf","Lobenstein-Ebersdorf","Dorf","Village",358,1325,"Angabe im Artikel",1300,4,4,"1325 Timendorf; 1509 Thiemendorf; 1543 Thymendorf; 1543 Timmendorf","755","b4"
"lothra","Lothra","Lobenstein-Ebersdorf","Dorf","Village",273,1310,"Angabe im Artikel",1300,7,6,"1310 Lotter; 1325 zu der Loter; 1347 zu der Luthir; 1509 die Lotter; 1517 Lotter; 1583 die Loter; Lothra","758","b1"
"altengesees","Altengesees","Lobenstein-Ebersdorf","Dorf","Village",245,1517,"Angabe im Artikel",1500,4,4,"1517 Altengesese; 1647 Altengeseeß; 1647 Altengesäß; 1647 Altengesees","761","b2"
"gahma","Gahma","Lobenstein-Ebersdorf","Dorf","Village",294,1415,"Angabe im Artikel",1400,5,5,"1415 Jhamen; 1468 Jamen; 1468 Gahmen; 1509 Jahmen; 1543 Goma","763","b2"
"weitisberga","Weitisberga","Lobenstein-Ebersdorf","Dorf","Village",265,1439,"Angabe im Artikel",1400,2,2,"1439 Veitsberg; 1509 Weiteßberg","765","b2"
"wurzbach","Wurzbach","Lobenstein-Ebersdorf","Marktflecken","Market town",1861,1468,"Angabe im Artikel",1450,2,1,"1468 Wurczbach; Worzbach","766","b3"
"ossla","Oßla","Lobenstein-Ebersdorf","Dorf","Village",532,1497,"Angabe im Artikel",1450,1,1,"1497 Oßlaw","770","b7"
"roettersdorf","Röttersdorf","Lobenstein-Ebersdorf","Dorf","Village",276,1509,"Angabe im Artikel",1500,1,1,"1509 Rotterstorf","772","b3"
"grumbach","Grumbach","Lobenstein-Ebersdorf","Dorf","Village",420,1647,"Angabe im Artikel",1600,1,1,"1647 Glasmeistere","774","b4"
"titschendorf","Titschendorf","Lobenstein-Ebersdorf","Dorf","Village",466,1647,"Angabe im Artikel",1600,6,2,"1647 Tiezschendorf; 1661 Thierzschendorf; Thieresberg; Thiersenberg; Titschenberg; neues Dorf","776","b3"
"neundorf-lobenstein","Neundorf","Lobenstein-Ebersdorf","Dorf","Village",716,1500,"Angabe im Artikel",1500,3,1,"1500 Nawendorf; Neundorf; Neunsdorf","778","b2"
"lichtenbrunn","Lichtenbrunn","Lobenstein-Ebersdorf","Dorf","Village",469,1500,"Angabe im Artikel",1500,1,1,"1500 Lichtenbrun","780","b4"
"schlegel","Schlegel","Lobenstein-Ebersdorf","Dorf","Village",335,,,,0,0,"","782","b2"
"seibis","Seibis","Lobenstein-Ebersdorf","Dorf","Village",189,1500,"Angabe im Artikel",1500,2,2,"1500 Szawbeis; 1543 Seibes","783","b1"
"blankenstein","Blankenstein","Lobenstein-Ebersdorf","Dorf","Village",167,,,,0,0,"","783","b2"
"kiessling","Kießling","Lobenstein-Ebersdorf","Dorf","Village",190,1509,"Angabe im Artikel",1500,4,2,"1509 Kisel; 1587 Kischling; Kieslingen; Kiesling","785","b3"
"harra","Harra","Lobenstein-Ebersdorf","Dorf","Village",814,1279,"Angabe im Artikel",1250,1,1,"1279 Harra","786","b8"
"langgruen","Langgrün","Lobenstein-Ebersdorf","Dorf","Village",396,1302,"Angabe im Artikel",1300,5,5,"1302 Obergrune; 1325 Langengrune; 1331 Langengrune; 1355 zu der Grune; 1470 Langengrun","790","b6"
"blintendorf","Blintendorf","Lobenstein-Ebersdorf","Dorf","Village",299,1327,"Angabe im Artikel",1300,2,2,"1327 Blintendorf; 1476 Plintendorf","792","b3"
"goettengruen","Göttengrün","Lobenstein-Ebersdorf","Dorf","Village",126,1254,"Angabe im Artikel",1250,4,4,"1254 Gettengrin; 1295 Gettengrune; 1368 zu der Gettengrün; 1509 Gegkengrun","794","b2"
"froessen","Frössen","Lobenstein-Ebersdorf","Dorf","Village",422,1331,"Angabe im Artikel",1300,4,4,"1331 Fressen; 1355 Brezzin; 1355 Freszcin; 1355 Frössan","795","b2"
"lerchenhuegel","Lerchenhügel","Lobenstein-Ebersdorf","Dorf","Village",211,,,,1,0,"Louisengrün","798","b3"
"pirk","Pirk","Lobenstein-Ebersdorf","Dorf","Village",207,1441,"Angabe im Artikel",1400,2,2,"1441 Birk; 1647 Birckt","799","b2"
"pottiga","Pottiga","Lobenstein-Ebersdorf","Dorf","Village",463,1325,"Angabe im Artikel",1300,5,5,"1325 Pothgowe; 1325 Pothogav; 1350 Potchow; 1500 Bottige; 1647 Potticha","800","b3"
"goeritz","Göritz","Lobenstein-Ebersdorf","Dorf","Village",607,1246,"Angabe im Artikel",1200,4,4,"1246 Göriz; 1246 Geriz; 1355 Goreucz; 1509 Goritz","805","b2"
"ullersreuth","Ullersreuth","Lobenstein-Ebersdorf","Dorf","Village",277,1246,"Angabe im Artikel",1200,2,2,"1246 Ulrichsreut; 1246 Ulerichsreut","807","b2"
"hirschberg","Hirschberg","Lobenstein-Ebersdorf","Stadt","Town",1828,1154,"Angabe im Artikel",1150,6,6,"1154 Hirzesberg; 1246 Hirzperg; 1246 Hirsperg; 1246 Hirzeberg; 1446 Hirsberk; 1446 Hirschperg","809","b1"
"venzka","Venzka","Lobenstein-Ebersdorf","Dorf","Village",311,1246,"Angabe im Artikel",1200,4,3,"1246 Fenczka; Benzka; 1476 Bentzkaw; 1476 Fentzgowe","817","b3"
"moedlareuth","Mödlareuth","Lobenstein-Ebersdorf","Dorf","Village",94,1374,"Angabe im Artikel",1350,3,3,"1374 Modelotenreut; 1509 Modelreut; 1576 Mödlareuth","819","b5"
"gebersreuth","Gebersreuth","Lobenstein-Ebersdorf","Dorf","Village",444,1363,"Angabe im Artikel",1350,1,1,"1363 Gebehardisreut","820","b2"
"dobareuth","Dobareuth","Lobenstein-Ebersdorf","Dorf","Village",387,1246,"Angabe im Artikel",1200,4,4,"1246 Dobareut; 1482 Thoberewt; 1482 Thobenreut; 1509 Dobenreut","822","b4"
"rothenacker","Rothenacker","Lobenstein-Ebersdorf","Dorf","Village",265,1476,"Angabe im Artikel",1450,4,4,"1476 Rodenacker; 1476 Rotenacker; 1476 Rohtenacker; 1476 Rottenacker","824","b2"
