near,landestheil,n_wuestungen,names,lon,lat,label,label_align,label_dx,label_dy,panel
"Ernsee","Gera",1,"Pottendorf",12.03891,50.87798,"Pottendorf","right",-9.5,0.0,"L"
"Gera","Gera",1,"Vollersdorf",12.08187,50.88029,"Vollersdorf","left",9.5,0.0,"L"
"Rubitz","Gera",1,"Texdorf",12.03735,50.89995,"Texdorf","left",9.5,0.0,"L"
"Mühlsdorf","Gera",1,"Cosse",12.00989,50.9009,"Cosse","right",-7.1,8.8,"L"
"Kraftsdorf","Gera",1,"Desse",11.92944,50.87574,"Desse","left",9.5,0.0,"L"
"Rüdersdorf","Gera",1,"Schliffstein",11.95811,50.89744,"Schliffstein","center",0,-14.8,"L"
"Hartmannsdorf","Gera",1,"Oelsdorf",12.00568,50.90901,"Oelsdorf","left",9.5,0.0,"L"
"Köstritz","Gera",2,"Etzdorf; Eschewinsdorf",12.01005,50.93032,"Etzdorf, Eschewinsdorf","center",0,16.2,"L"
"Steinbrücken","Gera",3,"Lichtenau; Rosenhof; Hermannsdorf",12.04211,50.94769,"Lichtenau, Rosenhof,
Hermannsdorf","right",-12.5,-6.2,"L"
"Kleinaga","Gera",1,"Rödel",12.09221,50.96003,"Rödel","left",9.5,0.0,"L"
"Kretzschwitz","Gera",1,"Wolstieg",12.12944,50.94074,"Wolstieg","right",-9.5,0.0,"L"
"Söllmnitz","Gera",1,"Betzdorf",12.14693,50.93795,"Betzdorf","center",0,14.8,"L"
"Dorna","Gera",1,"Wüstenhain",12.12648,50.91726,"Wüstenhain","left",9.5,0.0,"L"
"Schwaara","Gera",1,"Werteln",12.14307,50.90347,"Werteln","left",9.5,0.0,"L"
"Trebnitz","Gera",2,"Zoche; Speutewitz",12.12944,50.89556,"Zoche, Speutewitz","right",-8.2,9.4,"L"
"Schleiz","Schleiz",1,"Wüstendittersdorf",11.81024,50.57866,"Wüstendittersdorf","left",9.5,0.0,"R"
"Oettersdorf","Schleiz",1,"Triemsdorf",11.81667,50.6,"Triemsdorf","left",9.5,0.0,"R"
"Pahren","Schleiz",1,"Igelsdorf",11.89638,50.6452,"Igelsdorf","right",-9.5,0.0,"R"
"Saalburg","Schleiz",2,"Rumalt; Wettera",11.73176,50.50241,"Rumalt, Wettera","left",11,0.0,"R"
"Tanna","Schleiz",4,"Kämmera; Weidendorf; Dittersdorf; Traundorf",11.85725,50.4946,"Kämmera, Weidendorf,
Dittersdorf, Traundorf","center",0,25.2,"R"
"Schilbach","Schleiz",1,"Mangelsdorf",11.82519,50.48855,"Mangelsdorf","right",-9.5,0.0,"R"
"Zollgrün","Schleiz",1,"Hermannsdorf",11.83017,50.51418,"Hermannsdorf","left",9.5,0.0,"R"
"Mielesdorf","Schleiz",1,"Alte Klause",11.86443,50.52939,"Alte Klause","right",-9.5,0.0,"R"
"Pöritzsch","Lobenstein-Ebersdorf",1,"Hohendorf",11.71693,50.4962,"Hohendorf","right",-9.5,0.0,"R"
"Heinersdorf","Lobenstein-Ebersdorf",1,"Wüstenheinersdorf",11.57588,50.47274,"Wüstenheinersdorf","left",9.5,0.0,"R"
"Kießling","Lobenstein-Ebersdorf",1,"Platte",11.67167,50.40791,"Platte","left",9.5,0.0,"R"
