land_key,land_de,land_en,kind,species,dicots,monocots,ratio_printed,ratio_computed,table_row,pct_of_germany,pct_label
"Reußenland","Reußenland","Reuss territory","area",1093,851,242,3.52,3.52,1,38.5,"38 %"
"Dem Unterlande allein gehörig","Nur im Unterland","Unterland only","part",96,71,25,2.44,2.84,2,3.4,"3 %"
"Dem Oberlande allein gehörig","Nur im Oberland","Oberland only","part",113,94,19,4.94,4.95,3,4.0,"4 %"
"Beiden gemeinschaftlich","Beiden gemeinsam","Shared","part",884,686,198,3.46,3.46,4,31.1,"31 %"
"Das Unterland im Ganzen","Unterland gesamt","Unterland, total","area",980,757,223,3.39,3.39,5,34.5,"34 %"
"Das Oberland im Ganzen","Oberland gesamt","Oberland, total","area",997,780,217,3.59,3.59,6,35.1,"35 %"
"Thüringen","Thüringen","Thuringia","area",1421,1096,325,3.37,3.37,7,50.0,"50 %"
"Franken","Franken","Franconia","area",1332,1017,315,3.23,3.23,8,46.9,"47 %"
"Deutschland","Deutschland","Germany","area",2840,2242,598,3.76,3.75,9,100.0,"100 %"
