station,species,species_printed,species_de,species_en,year,date,doy,printed
"Gera","Viola odorata","Viola odorata","Märzveilchen","Sweet violet",1851,"1851-03-20",79,"20./3."
"Gera","Viola odorata","Viola odorata","Märzveilchen","Sweet violet",1853,"1853-04-21",111,"21./4."
"Gera","Viola odorata","Viola odorata","Märzveilchen","Sweet violet",1854,"1854-04-02",92,"2./4."
"Gera","Viola odorata","Viola odorata","Märzveilchen","Sweet violet",1855,"1855-04-19",109,"19./4."
"Gera","Viola odorata","Viola odorata","Märzveilchen","Sweet violet",1856,"1856-04-03",93,"3./4."
"Gera","Anemone nemorosa","Anemone nemorosa","Buschwindröschen","Wood anemone",1851,"1851-03-15",74,"15./3."
"Gera","Anemone nemorosa","Anemone nemorosa","Buschwindröschen","Wood anemone",1852,"1852-04-04",94,"4./4."
"Gera","Anemone nemorosa","Anemone nemorosa","Buschwindröschen","Wood anemone",1853,"1853-04-24",114,"24./4."
"Gera","Anemone nemorosa","Anemone nemorosa","Buschwindröschen","Wood anemone",1854,"1854-04-08",98,"8./4."
"Gera","Anemone nemorosa","Anemone nemorosa","Buschwindröschen","Wood anemone",1855,"1855-04-18",108,"18./4."
"Gera","Anemone nemorosa","Anemone nemorosa","Buschwindröschen","Wood anemone",1856,"1856-03-31",90,"31./3."
"Gera","Ranunculus ficaria","Ranunculus Ficaria","Scharbockskraut","Lesser celandine",1851,"1851-04-15",105,"15./4."
"Gera","Ranunculus ficaria","Ranunculus Ficaria","Scharbockskraut","Lesser celandine",1852,"1852-04-06",96,"6./4."
"Gera","Ranunculus ficaria","Ranunculus Ficaria","Scharbockskraut","Lesser celandine",1853,"1853-04-20",110,"20./4."
"Gera","Ranunculus ficaria","Ranunculus Ficaria","Scharbockskraut","Lesser celandine",1854,"1854-04-16",106,"16./4."
"Gera","Ranunculus ficaria","Ranunculus Ficaria","Scharbockskraut","Lesser celandine",1855,"1855-04-19",109,"19./4."
"Gera","Ranunculus ficaria","Ranunculus Ficaria","Scharbockskraut","Lesser celandine",1856,"1856-04-03",93,"3./4."
"Gera","Primula veris","Primula officinalis","Echte Schlüsselblume","Cowslip",1851,"1851-04-10",100,"10./4."
"Gera","Primula veris","Primula officinalis","Echte Schlüsselblume","Cowslip",1852,"1852-04-24",114,"24./4."
"Gera","Primula veris","Primula officinalis","Echte Schlüsselblume","Cowslip",1853,"1853-05-06",126,"6./5."
"Gera","Primula veris","Primula officinalis","Echte Schlüsselblume","Cowslip",1854,"1854-04-12",102,"12./4."
"Gera","Primula veris","Primula officinalis","Echte Schlüsselblume","Cowslip",1855,"1855-04-22",112,"22./4."
"Gera","Primula veris","Primula officinalis","Echte Schlüsselblume","Cowslip",1856,"1856-04-18",108,"18./4."
"Gera","Ribes uva-crispa","Ribes Grossularia","Stachelbeere","Gooseberry",1851,"1851-04-15",105,"15./4."
"Gera","Ribes uva-crispa","Ribes Grossularia","Stachelbeere","Gooseberry",1852,"1852-04-05",95,"5./4."
"Gera","Ribes uva-crispa","Ribes Grossularia","Stachelbeere","Gooseberry",1853,"1853-05-13",133,"13./5."
"Gera","Ribes uva-crispa","Ribes Grossularia","Stachelbeere","Gooseberry",1854,"1854-04-25",115,"25./4."
"Gera","Ribes uva-crispa","Ribes Grossularia","Stachelbeere","Gooseberry",1855,"1855-05-02",122,"2./5."
"Gera","Ribes uva-crispa","Ribes Grossularia","Stachelbeere","Gooseberry",1856,"1856-04-22",112,"22./4."
"Gera","Saxifraga granulata","Saxifraga granulata","Körniger Steinbrech","Meadow saxifrage",1851,"1851-04-30",120,"30./4."
"Gera","Saxifraga granulata","Saxifraga granulata","Körniger Steinbrech","Meadow saxifrage",1852,"1852-05-08",128,"8./5."
"Gera","Saxifraga granulata","Saxifraga granulata","Körniger Steinbrech","Meadow saxifrage",1853,"1853-05-19",139,"19./5."
"Gera","Saxifraga granulata","Saxifraga granulata","Körniger Steinbrech","Meadow saxifrage",1854,"1854-05-09",129,"9./5."
"Gera","Saxifraga granulata","Saxifraga granulata","Körniger Steinbrech","Meadow saxifrage",1855,"1855-05-22",142,"22./5."
"Gera","Saxifraga granulata","Saxifraga granulata","Körniger Steinbrech","Meadow saxifrage",1856,"1856-05-10",130,"10./5."
"Gera","Pyrus communis","Pyrus communis","Birnbaum","Pear",1851,"1851-04-15",105,"15./4."
"Gera","Pyrus communis","Pyrus communis","Birnbaum","Pear",1852,"1852-05-08",128,"8./5."
"Gera","Pyrus communis","Pyrus communis","Birnbaum","Pear",1853,"1853-05-16",136,"16./5."
"Gera","Pyrus communis","Pyrus communis","Birnbaum","Pear",1854,"1854-04-23",113,"23./4."
"Gera","Pyrus communis","Pyrus communis","Birnbaum","Pear",1855,"1855-05-19",139,"19./5."
"Gera","Pyrus communis","Pyrus communis","Birnbaum","Pear",1856,"1856-04-26",116,"26./4."
"Gera","Prunus domestica","Prunus domestica","Pflaume","Plum",1851,"1851-04-12",102,"12./4."
"Gera","Prunus domestica","Prunus domestica","Pflaume","Plum",1852,"1852-05-17",137,"17./5."
"Gera","Prunus domestica","Prunus domestica","Pflaume","Plum",1853,"1853-05-19",139,"19./5."
"Gera","Prunus domestica","Prunus domestica","Pflaume","Plum",1854,"1854-04-30",120,"30./4."
"Gera","Prunus domestica","Prunus domestica","Pflaume","Plum",1855,"1855-05-19",139,"19./5."
"Gera","Prunus domestica","Prunus domestica","Pflaume","Plum",1856,"1856-05-08",128,"8./5."
"Gera","Prunus cerasus","Prunus Cerasus","Sauerkirsche","Sour cherry",1851,"1851-04-12",102,"12./4."
"Gera","Prunus cerasus","Prunus Cerasus","Sauerkirsche","Sour cherry",1852,"1852-05-10",130,"10./5."
"Gera","Prunus cerasus","Prunus Cerasus","Sauerkirsche","Sour cherry",1853,"1853-05-22",142,"22./5."
"Gera","Prunus cerasus","Prunus Cerasus","Sauerkirsche","Sour cherry",1854,"1854-04-22",112,"22./4."
"Gera","Prunus cerasus","Prunus Cerasus","Sauerkirsche","Sour cherry",1855,"1855-05-27",147,"27./5."
"Gera","Prunus cerasus","Prunus Cerasus","Sauerkirsche","Sour cherry",1856,"1856-04-26",116,"26./4."
"Gera","Malus domestica","Pyrus Malus","Apfelbaum","Apple",1851,"1851-05-24",144,"24./5."
"Gera","Malus domestica","Pyrus Malus","Apfelbaum","Apple",1852,"1852-05-20",140,"20./5."
"Gera","Malus domestica","Pyrus Malus","Apfelbaum","Apple",1853,"1853-05-27",147,"27./5."
"Gera","Malus domestica","Pyrus Malus","Apfelbaum","Apple",1854,"1854-05-13",133,"13./5."
"Gera","Malus domestica","Pyrus Malus","Apfelbaum","Apple",1855,"1855-05-27",147,"27./5."
"Gera","Malus domestica","Pyrus Malus","Apfelbaum","Apple",1856,"1856-05-11",131,"11./5."
"Gera","Crataegus","Crataegus Oxyacantha","Weißdorn","Hawthorn",1851,"1851-05-24",144,"24./5."
"Gera","Crataegus","Crataegus Oxyacantha","Weißdorn","Hawthorn",1852,"1852-05-24",144,"24./5."
"Gera","Crataegus","Crataegus Oxyacantha","Weißdorn","Hawthorn",1853,"1853-06-01",152,"1./6."
"Gera","Crataegus","Crataegus Oxyacantha","Weißdorn","Hawthorn",1854,"1854-05-20",140,"20./5."
"Gera","Crataegus","Crataegus Oxyacantha","Weißdorn","Hawthorn",1855,"1855-05-27",147,"27./5."
"Gera","Crataegus","Crataegus Oxyacantha","Weißdorn","Hawthorn",1856,"1856-05-25",145,"25./5."
"Gera","Sambucus nigra","Sambucus nigra","Schwarzer Holunder","Elder",1851,"1851-06-28",179,"28./6."
"Gera","Sambucus nigra","Sambucus nigra","Schwarzer Holunder","Elder",1852,"1852-06-12",163,"12./6."
"Gera","Sambucus nigra","Sambucus nigra","Schwarzer Holunder","Elder",1853,"1853-06-23",174,"23./6."
"Gera","Sambucus nigra","Sambucus nigra","Schwarzer Holunder","Elder",1854,"1854-06-17",168,"17./6."
"Gera","Sambucus nigra","Sambucus nigra","Schwarzer Holunder","Elder",1855,"1855-06-18",169,"18./6."
"Gera","Sambucus nigra","Sambucus nigra","Schwarzer Holunder","Elder",1856,"1856-06-07",158,"7./6."
"Hohenleuben","Viola odorata","Viola odorata","Märzveilchen","Sweet violet",1853,"1853-04-21",111,"21./4."
"Hohenleuben","Viola odorata","Viola odorata","Märzveilchen","Sweet violet",1854,"1854-04-05",95,"5./4."
"Hohenleuben","Viola odorata","Viola odorata","Märzveilchen","Sweet violet",1855,"1855-04-14",104,"14./4."
"Hohenleuben","Viola odorata","Viola odorata","Märzveilchen","Sweet violet",1856,"1856-04-04",94,"4./4."
"Hohenleuben","Viola odorata","Viola odorata","Märzveilchen","Sweet violet",1857,"1857-04-03",93,"3./4."
"Hohenleuben","Viola odorata","Viola odorata","Märzveilchen","Sweet violet",1858,"1858-04-15",105,"15./4."
"Hohenleuben","Viola odorata","Viola odorata","Märzveilchen","Sweet violet",1859,"1859-03-28",87,"28./3."
"Hohenleuben","Viola odorata","Viola odorata","Märzveilchen","Sweet violet",1860,"1860-04-11",101,"11./4."
"Hohenleuben","Viola odorata","Viola odorata","Märzveilchen","Sweet violet",1861,"1861-03-28",87,"28./3."
"Hohenleuben","Anemone nemorosa","Anemone nem.","Buschwindröschen","Wood anemone",1853,"1853-04-29",119,"29./4."
"Hohenleuben","Anemone nemorosa","Anemone nem.","Buschwindröschen","Wood anemone",1854,"1854-04-07",97,"7./4."
"Hohenleuben","Anemone nemorosa","Anemone nem.","Buschwindröschen","Wood anemone",1855,"1855-04-18",108,"18./4."
"Hohenleuben","Anemone nemorosa","Anemone nem.","Buschwindröschen","Wood anemone",1856,"1856-04-06",96,"6./4."
"Hohenleuben","Anemone nemorosa","Anemone nem.","Buschwindröschen","Wood anemone",1857,"1857-04-04",94,"4./4."
"Hohenleuben","Anemone nemorosa","Anemone nem.","Buschwindröschen","Wood anemone",1858,"1858-04-16",106,"16./4."
"Hohenleuben","Anemone nemorosa","Anemone nem.","Buschwindröschen","Wood anemone",1859,"1859-03-28",87,"28./3."
"Hohenleuben","Anemone nemorosa","Anemone nem.","Buschwindröschen","Wood anemone",1860,"1860-04-12",102,"12./4."
"Hohenleuben","Anemone nemorosa","Anemone nem.","Buschwindröschen","Wood anemone",1861,"1861-03-28",87,"28./3."
"Hohenleuben","Ranunculus ficaria","Ficaria verna","Scharbockskraut","Lesser celandine",1853,"1853-05-02",122,"2./5."
"Hohenleuben","Ranunculus ficaria","Ficaria verna","Scharbockskraut","Lesser celandine",1854,"1854-04-15",105,"15./4."
"Hohenleuben","Ranunculus ficaria","Ficaria verna","Scharbockskraut","Lesser celandine",1855,"1855-04-28",118,"28./4."
"Hohenleuben","Ranunculus ficaria","Ficaria verna","Scharbockskraut","Lesser celandine",1856,"1856-04-14",104,"14./4."
"Hohenleuben","Ranunculus ficaria","Ficaria verna","Scharbockskraut","Lesser celandine",1857,"1857-04-15",105,"15./4."
"Hohenleuben","Ranunculus ficaria","Ficaria verna","Scharbockskraut","Lesser celandine",1858,"1858-04-28",118,"28./4."
"Hohenleuben","Ranunculus ficaria","Ficaria verna","Scharbockskraut","Lesser celandine",1859,"1859-04-08",98,"8./4."
"Hohenleuben","Ranunculus ficaria","Ficaria verna","Scharbockskraut","Lesser celandine",1860,"1860-04-18",108,"18./4."
"Hohenleuben","Ranunculus ficaria","Ficaria verna","Scharbockskraut","Lesser celandine",1861,"1861-04-11",101,"11./4."
"Hohenleuben","Primula veris","Prim. officinal.","Echte Schlüsselblume","Cowslip",1853,"1853-05-08",128,"8./5."
"Hohenleuben","Primula veris","Prim. officinal.","Echte Schlüsselblume","Cowslip",1854,"1854-04-22",112,"22./4."
"Hohenleuben","Primula veris","Prim. officinal.","Echte Schlüsselblume","Cowslip",1855,"1855-05-06",126,"6./5."
"Hohenleuben","Primula veris","Prim. officinal.","Echte Schlüsselblume","Cowslip",1856,"1856-04-25",115,"25./4."
"Hohenleuben","Primula veris","Prim. officinal.","Echte Schlüsselblume","Cowslip",1857,"1857-04-19",109,"19./4."
"Hohenleuben","Primula veris","Prim. officinal.","Echte Schlüsselblume","Cowslip",1858,"1858-05-04",124,"4./5."
"Hohenleuben","Primula veris","Prim. officinal.","Echte Schlüsselblume","Cowslip",1859,"1859-04-05",95,"5./4."
"Hohenleuben","Primula veris","Prim. officinal.","Echte Schlüsselblume","Cowslip",1860,"1860-04-30",120,"30./4."
"Hohenleuben","Primula veris","Prim. officinal.","Echte Schlüsselblume","Cowslip",1861,"1861-04-13",103,"13./4."
"Hohenleuben","Ribes uva-crispa","Ribes grossul.","Stachelbeere","Gooseberry",1853,"1853-05-16",136,"16./5."
"Hohenleuben","Ribes uva-crispa","Ribes grossul.","Stachelbeere","Gooseberry",1854,"1854-04-21",111,"21./4."
"Hohenleuben","Ribes uva-crispa","Ribes grossul.","Stachelbeere","Gooseberry",1855,"1855-05-08",128,"8./5."
"Hohenleuben","Ribes uva-crispa","Ribes grossul.","Stachelbeere","Gooseberry",1856,"1856-04-17",107,"17./4."
"Hohenleuben","Ribes uva-crispa","Ribes grossul.","Stachelbeere","Gooseberry",1857,"1857-04-18",108,"18./4."
"Hohenleuben","Ribes uva-crispa","Ribes grossul.","Stachelbeere","Gooseberry",1858,"1858-04-29",119,"29./4."
"Hohenleuben","Ribes uva-crispa","Ribes grossul.","Stachelbeere","Gooseberry",1859,"1859-04-06",96,"6./4."
"Hohenleuben","Ribes uva-crispa","Ribes grossul.","Stachelbeere","Gooseberry",1860,"1860-05-01",121,"1./5."
"Hohenleuben","Ribes uva-crispa","Ribes grossul.","Stachelbeere","Gooseberry",1861,"1861-04-12",102,"12./4."
"Hohenleuben","Saxifraga granulata","Saxifraga gran.","Körniger Steinbrech","Meadow saxifrage",1853,"1853-05-22",142,"22./5."
"Hohenleuben","Saxifraga granulata","Saxifraga gran.","Körniger Steinbrech","Meadow saxifrage",1854,"1854-05-09",129,"9./5."
"Hohenleuben","Saxifraga granulata","Saxifraga gran.","Körniger Steinbrech","Meadow saxifrage",1855,"1855-05-23",143,"23./5."
"Hohenleuben","Saxifraga granulata","Saxifraga gran.","Körniger Steinbrech","Meadow saxifrage",1856,"1856-05-09",129,"9./5."
"Hohenleuben","Saxifraga granulata","Saxifraga gran.","Körniger Steinbrech","Meadow saxifrage",1857,"1857-05-14",134,"14./5."
"Hohenleuben","Saxifraga granulata","Saxifraga gran.","Körniger Steinbrech","Meadow saxifrage",1858,"1858-05-19",139,"19./5."
"Hohenleuben","Saxifraga granulata","Saxifraga gran.","Körniger Steinbrech","Meadow saxifrage",1859,"1859-05-04",124,"4./5."
"Hohenleuben","Saxifraga granulata","Saxifraga gran.","Körniger Steinbrech","Meadow saxifrage",1860,"1860-05-14",134,"14./5."
"Hohenleuben","Saxifraga granulata","Saxifraga gran.","Körniger Steinbrech","Meadow saxifrage",1861,"1861-05-13",133,"13./5."
"Hohenleuben","Pyrus communis","Pyrus comm.","Birnbaum","Pear",1853,"1853-05-25",145,"25./5."
"Hohenleuben","Pyrus communis","Pyrus comm.","Birnbaum","Pear",1854,"1854-05-04",124,"4./5."
"Hohenleuben","Pyrus communis","Pyrus comm.","Birnbaum","Pear",1855,"1855-05-26",146,"26./5."
"Hohenleuben","Pyrus communis","Pyrus comm.","Birnbaum","Pear",1856,"1856-05-03",123,"3./5."
"Hohenleuben","Pyrus communis","Pyrus comm.","Birnbaum","Pear",1857,"1857-05-11",131,"11./5."
"Hohenleuben","Pyrus communis","Pyrus comm.","Birnbaum","Pear",1858,"1858-05-12",132,"12./5."
"Hohenleuben","Pyrus communis","Pyrus comm.","Birnbaum","Pear",1859,"1859-05-02",122,"2./5."
"Hohenleuben","Pyrus communis","Pyrus comm.","Birnbaum","Pear",1860,"1860-05-12",132,"12./5."
"Hohenleuben","Pyrus communis","Pyrus comm.","Birnbaum","Pear",1861,"1861-05-12",132,"12./5."
"Hohenleuben","Prunus domestica","Prun. domest.","Pflaume","Plum",1853,"1853-05-26",146,"26./5."
"Hohenleuben","Prunus domestica","Prun. domest.","Pflaume","Plum",1854,"1854-05-08",128,"8./5."
"Hohenleuben","Prunus domestica","Prun. domest.","Pflaume","Plum",1855,"1855-05-27",147,"27./5."
"Hohenleuben","Prunus domestica","Prun. domest.","Pflaume","Plum",1856,"1856-05-10",130,"10./5."
"Hohenleuben","Prunus domestica","Prun. domest.","Pflaume","Plum",1857,"1857-05-16",136,"16./5."
"Hohenleuben","Prunus domestica","Prun. domest.","Pflaume","Plum",1858,"1858-05-16",136,"16./5."
"Hohenleuben","Prunus domestica","Prun. domest.","Pflaume","Plum",1859,"1859-05-08",128,"8./5."
"Hohenleuben","Prunus domestica","Prun. domest.","Pflaume","Plum",1860,"1860-05-13",133,"13./5."
"Hohenleuben","Prunus domestica","Prun. domest.","Pflaume","Plum",1861,"1861-05-15",135,"15./5."
"Hohenleuben","Prunus cerasus","Cerasus acida","Sauerkirsche","Sour cherry",1853,"1853-05-26",146,"26./5."
"Hohenleuben","Prunus cerasus","Cerasus acida","Sauerkirsche","Sour cherry",1854,"1854-05-03",123,"3./5."
"Hohenleuben","Prunus cerasus","Cerasus acida","Sauerkirsche","Sour cherry",1855,"1855-05-23",143,"23./5."
"Hohenleuben","Prunus cerasus","Cerasus acida","Sauerkirsche","Sour cherry",1856,"1856-04-28",118,"28./4."
"Hohenleuben","Prunus cerasus","Cerasus acida","Sauerkirsche","Sour cherry",1857,"1857-05-10",130,"10./5."
"Hohenleuben","Prunus cerasus","Cerasus acida","Sauerkirsche","Sour cherry",1858,"1858-05-13",133,"13./5."
"Hohenleuben","Prunus cerasus","Cerasus acida","Sauerkirsche","Sour cherry",1859,"1859-04-29",119,"29./4."
"Hohenleuben","Prunus cerasus","Cerasus acida","Sauerkirsche","Sour cherry",1860,"1860-05-12",132,"12./5."
"Hohenleuben","Prunus cerasus","Cerasus acida","Sauerkirsche","Sour cherry",1861,"1861-05-11",131,"11./5."
"Hohenleuben","Malus domestica","Pyrus Malus","Apfelbaum","Apple",1853,"1853-05-30",150,"30./5."
"Hohenleuben","Malus domestica","Pyrus Malus","Apfelbaum","Apple",1854,"1854-05-14",134,"14./5."
"Hohenleuben","Malus domestica","Pyrus Malus","Apfelbaum","Apple",1855,"1855-05-31",151,"31./5."
"Hohenleuben","Malus domestica","Pyrus Malus","Apfelbaum","Apple",1856,"1856-05-15",135,"15./5."
"Hohenleuben","Malus domestica","Pyrus Malus","Apfelbaum","Apple",1857,"1857-05-18",138,"18./5."
"Hohenleuben","Malus domestica","Pyrus Malus","Apfelbaum","Apple",1858,"1858-05-18",138,"18./5."
"Hohenleuben","Malus domestica","Pyrus Malus","Apfelbaum","Apple",1859,"1859-05-14",134,"14./5."
"Hohenleuben","Malus domestica","Pyrus Malus","Apfelbaum","Apple",1860,"1860-05-15",135,"15./5."
"Hohenleuben","Malus domestica","Pyrus Malus","Apfelbaum","Apple",1861,"1861-05-23",143,"23./5."
"Hohenleuben","Crataegus","Crataeg. Oxyat.","Weißdorn","Hawthorn",1853,"1853-06-07",158,"7./6."
"Hohenleuben","Crataegus","Crataeg. Oxyat.","Weißdorn","Hawthorn",1854,"1854-05-28",148,"28./5."
"Hohenleuben","Crataegus","Crataeg. Oxyat.","Weißdorn","Hawthorn",1855,"1855-06-05",156,"5./6."
"Hohenleuben","Crataegus","Crataeg. Oxyat.","Weißdorn","Hawthorn",1856,"1856-05-27",147,"27./5."
"Hohenleuben","Crataegus","Crataeg. Oxyat.","Weißdorn","Hawthorn",1857,"1857-05-25",145,"25./5."
"Hohenleuben","Crataegus","Crataeg. Oxyat.","Weißdorn","Hawthorn",1858,"1858-05-03",123,"3./5."
"Hohenleuben","Crataegus","Crataeg. Oxyat.","Weißdorn","Hawthorn",1859,"1859-05-26",146,"26./5."
"Hohenleuben","Crataegus","Crataeg. Oxyat.","Weißdorn","Hawthorn",1860,"1860-05-02",122,"2./5."
"Hohenleuben","Crataegus","Crataeg. Oxyat.","Weißdorn","Hawthorn",1861,"1861-06-01",152,"1./6."
"Hohenleuben","Sambucus nigra","Sambuc. nigra","Schwarzer Holunder","Elder",1853,"1853-06-14",165,"14./6."
"Hohenleuben","Sambucus nigra","Sambuc. nigra","Schwarzer Holunder","Elder",1854,"1854-06-17",168,"17./6."
"Hohenleuben","Sambucus nigra","Sambuc. nigra","Schwarzer Holunder","Elder",1855,"1855-06-18",169,"18./6."
"Hohenleuben","Sambucus nigra","Sambuc. nigra","Schwarzer Holunder","Elder",1856,"1856-06-11",162,"11./6."
"Hohenleuben","Sambucus nigra","Sambuc. nigra","Schwarzer Holunder","Elder",1857,"1857-06-08",159,"8./6."
"Hohenleuben","Sambucus nigra","Sambuc. nigra","Schwarzer Holunder","Elder",1858,"1858-06-10",161,"10./6."
"Hohenleuben","Sambucus nigra","Sambuc. nigra","Schwarzer Holunder","Elder",1859,"1859-06-07",158,"7./6."
"Hohenleuben","Sambucus nigra","Sambuc. nigra","Schwarzer Holunder","Elder",1860,"1860-06-07",158,"7./6."
"Hohenleuben","Sambucus nigra","Sambuc. nigra","Schwarzer Holunder","Elder",1861,"1861-06-10",161,"10./6."
"Hohenleuben","Vitis vinifera","Vitis vinifera","Weinrebe","Grapevine",1854,"1854-06-12",163,"12./6."
"Hohenleuben","Vitis vinifera","Vitis vinifera","Weinrebe","Grapevine",1855,"1855-07-08",189,"8./7."
"Hohenleuben","Vitis vinifera","Vitis vinifera","Weinrebe","Grapevine",1856,"1856-07-12",193,"12./7."
"Hohenleuben","Vitis vinifera","Vitis vinifera","Weinrebe","Grapevine",1857,"1857-06-25",176,"25./6."
