year,level,haftart,prisoners,days,avg_days
1864,"Justizämter","Untersuchungshaft",137,1522,11.1
1864,"Justizämter","Strafhaft",716,4952,6.9
1864,"Kreisgerichte","Untersuchungshaft",162,3073,19.0
1864,"Kreisgerichte","Strafhaft",109,1999,18.3
1865,"Justizämter","Untersuchungshaft",120,1235,10.3
1865,"Justizämter","Strafhaft",581,4165,7.2
1865,"Kreisgerichte","Untersuchungshaft",159,3147,19.8
1865,"Kreisgerichte","Strafhaft",129,2395,18.6
1866,"Justizämter","Untersuchungshaft",115,1243,10.8
1866,"Justizämter","Strafhaft",497,3554,7.2
1866,"Kreisgerichte","Untersuchungshaft",171,4085,23.9
1866,"Kreisgerichte","Strafhaft",113,2892,25.6
1867,"Justizämter","Untersuchungshaft",164,1016,6.2
1867,"Justizämter","Strafhaft",926,5232,5.7
1867,"Kreisgerichte","Untersuchungshaft",199,3444,17.3
1867,"Kreisgerichte","Strafhaft",154,3201,20.8
