nr,name,landesteil,gruppe,art,hoehe_min_fuss,hoehe_max_fuss,hoehe_mitte_fuss,hoehe_min_m,hoehe_max_m,hoehe_mitte_m,rang,anteil_rang,spanne,in_klammern,seite,zelle,lon,lat
1,"Köstritzer Bahnhof","Unterland","Unterland, rechtes Elsterufer","Einzelstelle",474.0,474.0,474.0,178.5,178.5,178.5,2,1.6,0,0,"11","r1c1",,
2,"Pohlitz","Unterland","Unterland, rechtes Elsterufer","Ort",490.0,530.0,510.0,184.5,199.6,192.1,11,10.9,1,0,"11","r2c1",12.02525,50.93905
3,"Stublach","Unterland","Unterland, rechtes Elsterufer","Ort",495.0,498.0,496.5,186.4,187.6,187.0,5,4.7,1,0,"11","r3c1",12.04433,50.91699
4,"Tinzer Park","Unterland","Unterland, rechtes Elsterufer","Einzelstelle",495.0,495.0,495.0,186.4,186.4,186.4,4,3.6,0,0,"11","r4c1",,
5,"Cuba","Unterland","Unterland, rechtes Elsterufer","Ort",497.0,500.0,498.5,187.2,188.3,187.7,7,6.8,1,0,"11","r5c1",,
6,"Küchengarten","Unterland","Unterland, rechtes Elsterufer","Einzelstelle",498.0,498.0,498.0,187.6,187.6,187.6,6,5.7,0,0,"11","r1c2",,
7,"Tinz, Wirthshaus","Unterland","Unterland, rechtes Elsterufer","Einzelstelle",500.0,500.0,500.0,188.3,188.3,188.3,8,7.8,0,0,"11","r2c2",,
8,"Geraer Bahnhof","Unterland","Unterland, rechtes Elsterufer","Einzelstelle",502.0,502.0,502.0,189.1,189.1,189.1,10,9.9,0,0,"11","r4c2",,
9,"Gera","Unterland","Unterland, rechtes Elsterufer","Ort",505.0,600.0,552.5,190.2,226.0,208.1,24,24.5,1,0,"12","r1c1",12.08187,50.88029
10,"Pforten","Unterland","Unterland, rechtes Elsterufer","Ort",520.0,560.0,540.0,195.8,210.9,203.4,20,20.3,1,0,"12","r3c1",,
11,"Roschitz","Unterland","Unterland, rechtes Elsterufer","Ort",520.0,560.0,540.0,195.8,210.9,203.4,,,1,1,"12","r4c1",,
12,"Langenberg von der Ziegelei bis oben","Unterland","Unterland, rechtes Elsterufer","Ort",525.0,625.0,575.0,197.7,235.4,216.6,29,29.7,1,0,"12","r5c1",,
13,"Lindenthal","Unterland","Unterland, rechtes Elsterufer","Ort",525.0,525.0,525.0,197.7,197.7,197.7,16,16.1,0,0,"12","r7c1",,
14,"Zwötzen, Mitte zwischen der Kirche und dem Rittergut","Unterland","Unterland, rechtes Elsterufer","Ort",525.0,525.0,525.0,197.7,197.7,197.7,17,17.2,0,0,"12","r8c1",12.08635,50.84858
15,"Collis","Unterland","Unterland, rechtes Elsterufer","Ort",560.0,570.0,565.0,210.9,214.7,212.8,28,28.6,1,0,"12","r10c1",12.11874,50.85762
16,"Dorna","Unterland","Unterland, rechtes Elsterufer","Ort",570.0,630.0,600.0,214.7,237.3,226.0,32,32.8,1,0,"12","r11c1",12.12648,50.91726
17,"Bieblach","Unterland","Unterland, rechtes Elsterufer","Ort",575.0,625.0,600.0,216.6,235.4,226.0,33,33.9,1,0,"12","r13c1",12.08855,50.89626
18,"Seidelsmühle (Fuchsmühle) bei Zschippach","Unterland","Unterland, rechtes Elsterufer","Einzelstelle",602.0,602.0,602.0,226.7,226.7,226.7,34,34.9,0,0,"12","r14c1",,
19,"Zschippach","Unterland","Unterland, rechtes Elsterufer","Ort",610.0,650.0,630.0,229.7,244.8,237.3,40,41.1,1,0,"12","r15c1",12.15008,50.9193
20,"Culm","Unterland","Unterland, rechtes Elsterufer","Ort",615.0,650.0,632.5,231.6,244.8,238.2,41,42.2,1,0,"12","r16c1",,
21,"Waaswitz","Unterland","Unterland, rechtes Elsterufer","Ort",620.0,660.0,640.0,233.5,248.6,241.0,44,45.3,1,0,"12","r17c1",12.16613,50.92132
22,"Groitschen","Unterland","Unterland, rechtes Elsterufer","Ort",624.0,700.0,662.0,235.0,263.6,249.3,50,51.6,1,0,"12","r18c1",12.16918,50.92254
23,"Gera, Pulverthurm","Unterland","Unterland, rechtes Elsterufer","Einzelstelle",625.0,625.0,625.0,235.4,235.4,235.4,39,40.1,0,0,"12","r20c1",,
24,"Zschippern","Unterland","Unterland, rechtes Elsterufer","Ort",640.0,740.0,690.0,241.0,278.7,259.9,55,56.8,1,0,"12","r21c1",12.10913,50.86584
25,"Bergschlösschen bei Gera","Unterland","Unterland, rechtes Elsterufer","Einzelstelle",650.0,650.0,650.0,244.8,244.8,244.8,46,47.4,0,0,"12","r24c1",,
26,"Leumnitz","Unterland","Unterland, rechtes Elsterufer","Ort",650.0,720.0,685.0,244.8,271.2,258.0,54,55.7,1,0,"12","r25c1",12.10744,50.88015
27,"Negis","Unterland","Unterland, rechtes Elsterufer","Ort",660.0,695.0,677.5,248.6,261.8,255.2,52,53.6,1,0,"12","r26c1",12.11439,50.9286
28,"Großaga","Unterland","Unterland, rechtes Elsterufer","Ort",660.0,700.0,680.0,248.6,263.6,256.1,53,54.7,1,0,"12","r28c1",12.08766,50.96637
29,"Kaimberg","Unterland","Unterland, rechtes Elsterufer","Ort",670.0,755.0,712.5,252.3,284.4,268.3,59,60.9,1,0,"12","r30c1",12.12257,50.84847
30,"Kleinaga","Unterland","Unterland, rechtes Elsterufer","Ort",670.0,755.0,712.5,252.3,284.4,268.3,60,62.0,1,0,"12","r32c1",12.09221,50.96003
31,"Söllmnitz","Unterland","Unterland, rechtes Elsterufer","Ort",683.7,705.0,694.35,257.5,265.5,261.5,56,57.8,1,0,"12","r2c2",12.14693,50.93795
32,"Der goldne Hahn","Unterland","Unterland, rechtes Elsterufer","Einzelstelle",700.0,700.0,700.0,263.6,263.6,263.6,,,0,1,"12","r3c2",,
33,"Lauenhayn","Unterland","Unterland, rechtes Elsterufer","Ort",710.0,725.0,717.5,267.4,273.1,270.2,62,64.1,1,0,"12","r4c2",12.1491,50.94293
34,"Laasen","Unterland","Unterland, rechtes Elsterufer","Ort",710.0,726.0,718.0,267.4,273.4,270.4,63,65.1,1,0,"12","r5c2",12.12078,50.89216
35,"Bethenhausen","Unterland","Unterland, rechtes Elsterufer","Ort",712.0,755.0,733.5,268.2,284.4,276.3,68,70.3,1,0,"12","r6c2",12.19957,50.92922
36,"Caasen","Unterland","Unterland, rechtes Elsterufer","Ort",720.0,746.0,733.0,271.2,281.0,276.1,67,69.3,1,0,"12","r8c2",12.18054,50.9303
37,"Schwaara, Nordgasse","Unterland","Unterland, rechtes Elsterufer","Ort",725.0,725.0,725.0,273.1,273.1,273.1,65,67.2,0,0,"12","r9c2",12.14307,50.90347
38,"Kretzschwitz","Unterland","Unterland, rechtes Elsterufer","Ort",720.0,750.0,735.0,271.2,282.5,276.8,69,71.4,1,0,"12","r11c2",12.12944,50.94074
39,"Lessen","Unterland","Unterland, rechtes Elsterufer","Ort",725.0,740.0,732.5,273.1,278.7,275.9,66,68.2,1,0,"12","r12c2",12.06914,50.95815
40,"Wernsdorf","Unterland","Unterland, rechtes Elsterufer","Ort",725.0,765.0,745.0,273.1,288.1,280.6,73,75.5,1,0,"12","r13c2",12.15333,50.94535
41,"Hirschfeld","Unterland","Unterland, rechtes Elsterufer","Ort",730.0,748.0,739.0,274.9,281.7,278.3,70,72.4,1,0,"12","r14c2",12.18791,50.94162
42,"Roben","Unterland","Unterland, rechtes Elsterufer","Ort",730.0,815.0,772.5,274.9,306.9,290.9,81,83.9,1,0,"12","r16c2",12.05413,50.94254
43,"Reichenbach","Unterland","Unterland, rechtes Elsterufer","Ort",735.0,745.0,740.0,276.8,280.6,278.7,72,74.5,1,0,"12","r17c2",11.87801,50.86861
44,"Naundorf","Unterland","Unterland, rechtes Elsterufer","Ort",735.0,755.0,745.0,276.8,284.4,280.6,74,76.6,1,0,"12","r19c2",12.2668,50.97763
45,"Trebnitz","Unterland","Unterland, rechtes Elsterufer","Ort",730.0,770.0,750.0,274.9,290.0,282.5,76,78.6,1,0,"12","r21c2",12.12944,50.89556
46,"Hermsdorf","Unterland","Unterland, rechtes Elsterufer","Ort",750.0,780.0,765.0,282.5,293.8,288.1,79,81.8,1,0,"12","r23c2",12.15286,50.96327
47,"Steinbrücken","Unterland","Unterland, rechtes Elsterufer","Ort",750.0,810.0,780.0,282.5,305.1,293.8,84,87.0,1,0,"12","r24c2",12.04211,50.94769
48,"Seeligenstädt","Unterland","Unterland, rechtes Elsterufer","Ort",755.0,780.0,767.5,284.4,293.8,289.1,80,82.8,1,0,"12","r26c2",12.09908,50.94686
49,"Wüstfalke","Unterland","Unterland, rechtes Elsterufer","Ort",760.0,860.0,810.0,286.2,323.9,305.1,88,91.1,1,0,"12","r27c2",,
50,"Kleinfalke","Unterland","Unterland, rechtes Elsterufer","Ort",770.0,860.0,815.0,290.0,323.9,306.9,90,93.2,1,0,"12","r29c2",,
51,"Lichtenberg","Unterland","Unterland, rechtes Elsterufer","Ort",770.0,825.0,797.5,290.0,310.7,300.4,87,90.1,1,0,"12","r30c2",12.15,50.83333
52,"Otticha","Unterland","Unterland, rechtes Elsterufer","Ort",775.0,810.0,792.5,291.9,305.1,298.5,86,89.1,1,0,"12","r31c2",12.11957,50.82454
53,"Rusitz","Unterland","Unterland, rechtes Elsterufer","Ort",780.0,800.0,790.0,293.8,301.3,297.5,85,88.0,1,0,"12","r32c2",12.07275,50.93599
54,"Wachholderbaum, Chaussee","Unterland","Unterland, rechtes Elsterufer","Einzelstelle",848.0,848.0,848.0,319.4,319.4,319.4,92,95.3,0,0,"12","r33c2",,
55,"Pohlen","Unterland","Unterland, rechtes Elsterufer","Ort",860.0,880.0,870.0,323.9,331.4,327.7,95,98.4,1,0,"12","r34c2",12.16456,50.80725
56,"Caaschwitz","Unterland","Unterland, linkes Elsterufer","Ort",460.0,465.0,462.5,173.2,175.1,174.2,1,0.5,1,0,"12","r1c1",12.0,50.95
57,"Köstritz","Unterland","Unterland, linkes Elsterufer","Ort",470.0,520.0,495.0,177.0,195.8,186.4,3,2.6,1,0,"12","r2c1",12.01005,50.93032
58,"Milbitz","Unterland","Unterland, linkes Elsterufer","Ort",498.0,505.0,501.5,187.6,190.2,188.9,9,8.9,1,0,"12","r3c1",12.05474,50.90271
59,"Thieschitz, Mitte","Unterland","Unterland, linkes Elsterufer","Ort",510.0,510.0,510.0,192.1,192.1,192.1,12,12.0,0,0,"12","r5c1",12.04424,50.9046
60,"Untermhaus","Unterland","Unterland, linkes Elsterufer","Ort",500.0,550.0,525.0,188.3,207.1,197.7,15,15.1,1,0,"12","r7c1",12.06524,50.88509
61,"Debschwitz, Mitte","Unterland","Unterland, linkes Elsterufer","Ort",515.0,515.0,515.0,194.0,194.0,194.0,13,13.0,0,0,"12","r1c2",12.07228,50.85622
62,"Pöppeln","Unterland","Unterland, linkes Elsterufer","Ort",520.0,525.0,522.5,195.8,197.7,196.8,14,14.1,1,0,"12","r3c2",12.05,50.86667
63,"Rubitz, der Hof","Unterland","Unterland, linkes Elsterufer","Ort",529.0,529.0,529.0,199.2,199.2,199.2,18,18.2,0,0,"12","r4c2",12.03735,50.89995
64,"Seifarthsdorf","Unterland","Unterland, linkes Elsterufer","Ort",520.0,600.0,560.0,195.8,226.0,210.9,27,27.6,1,0,"12","r5c2",11.95437,50.94451
65,"Gleina","Unterland","Unterland, linkes Elsterufer","Ort",525.0,560.0,542.5,197.7,210.9,204.3,21,21.4,1,0,"12","r6c2",11.98587,50.93507
66,"Lusan","Unterland","Unterland, linkes Elsterufer","Ort",530.0,540.0,535.0,199.6,203.4,201.5,19,19.3,1,0,"12","r7c2",12.06517,50.84372
67,"Töppeln","Unterland","Unterland, linkes Elsterufer","Ort",535.0,579.0,557.0,201.5,218.1,209.8,26,26.6,1,0,"13","r1c1",12.00593,50.88993
68,"Unterröppisch oberstes Haus an der Chaussee","Unterland","Unterland, linkes Elsterufer","Ort",550.0,550.0,550.0,207.1,207.1,207.1,23,23.4,0,0,"13","r2c1",,
69,"Frankenthal","Unterland","Unterland, linkes Elsterufer","Ort",550.0,620.0,585.0,207.1,233.5,220.3,31,31.8,1,0,"13","r3c1",12.01292,50.8778
70,"Hartmannsdorf unterste Häuser","Unterland","Unterland, linkes Elsterufer","Ort",550.0,550.0,550.0,207.1,207.1,207.1,22,22.4,0,0,"13","r6c1",12.00568,50.90901
71,"Scheubengrobsdorf, Mitte","Unterland","Unterland, linkes Elsterufer","Ort",604.0,604.0,604.0,227.5,227.5,227.5,35,35.9,0,0,"13","r8c1",12.02998,50.86908
72,"Osterstein, unterer Hof","Unterland","Unterland, linkes Elsterufer","Ort",554.0,554.0,554.0,208.6,208.6,208.6,25,25.5,0,0,"13","r9c1",12.06667,50.88333
73,"Eleonorenthal","Unterland","Unterland, linkes Elsterufer","Ort",575.0,575.0,575.0,216.6,216.6,216.6,30,30.7,0,0,"13","r11c1",11.98333,50.91667
74,"Niederndorf","Unterland","Unterland, linkes Elsterufer","Ort",590.0,625.0,607.5,222.2,235.4,228.8,36,37.0,1,0,"13","r12c1",11.97634,50.88238
75,"Windischenbernsdorf","Unterland","Unterland, linkes Elsterufer","Ort",600.0,630.0,615.0,226.0,237.3,231.6,37,38.0,1,0,"13","r13c1",12.01999,50.86418
76,"Grüna","Unterland","Unterland, linkes Elsterufer","Ort",610.0,630.0,620.0,229.7,237.3,233.5,38,39.1,1,0,"13","r14c1",11.97664,50.90728
77,"Geißen","Unterland","Unterland, linkes Elsterufer","Ort",620.0,648.0,634.0,233.5,244.1,238.8,42,43.2,1,0,"13","r15c1",12.00052,50.8617
78,"Harpersdorf","Unterland","Unterland, linkes Elsterufer","Ort",625.0,658.0,641.5,235.4,247.8,241.6,45,46.4,1,0,"13","r16c1",11.94477,50.87775
79,"Zeulsdorf","Unterland","Unterland, linkes Elsterufer","Ort",630.0,675.0,652.5,237.3,254.2,245.7,47,48.4,1,0,"13","r18c1",12.04795,50.84193
80,"Steinschäferei","Unterland","Unterland, linkes Elsterufer","Ort",639.0,639.0,639.0,240.7,240.7,240.7,43,44.3,0,0,"13","r20c1",,
81,"Oberröppisch","Unterland","Unterland, linkes Elsterufer","Ort",640.0,675.0,657.5,241.0,254.2,247.6,48,49.5,1,0,"13","r21c1",12.06667,50.83333
82,"Langengrobsdorf","Unterland","Unterland, linkes Elsterufer","Ort",640.0,700.0,670.0,241.0,263.6,252.3,51,52.6,1,0,"13","r23c1",12.01049,50.85321
83,"Großsaara, Dorfmitte","Unterland","Unterland, linkes Elsterufer","Ort",660.0,660.0,660.0,248.6,248.6,248.6,49,50.5,0,0,"13","r24c1",11.97677,50.85724
84,"Stübnitz","Unterland","Unterland, linkes Elsterufer","Ort",670.0,755.0,712.5,252.3,284.4,268.3,61,63.0,1,0,"13","r2c2",11.95876,50.90495
85,"Kleinsaara","Unterland","Unterland, linkes Elsterufer","Ort",680.0,710.0,695.0,256.1,267.4,261.8,57,58.9,1,0,"13","r3c2",11.95847,50.85396
86,"Schöna","Unterland","Unterland, linkes Elsterufer","Ort",695.0,720.0,707.5,261.8,271.2,266.5,58,59.9,1,0,"13","r4c2",11.96536,50.84111
87,"Pörsdorf","Unterland","Unterland, linkes Elsterufer","Ort",700.0,780.0,740.0,263.6,293.8,278.7,71,73.4,1,0,"13","r6c2",11.98894,50.89479
88,"Rüdersdorf","Unterland","Unterland, linkes Elsterufer","Ort",700.0,810.0,755.0,263.6,305.1,284.4,77,79.7,1,0,"13","r7c2",11.95811,50.89744
89,"Kraftsdorf","Unterland","Unterland, linkes Elsterufer","Ort",700.0,825.0,762.5,263.6,310.7,287.2,78,80.7,1,0,"13","r8c2",11.92944,50.87574
90,"Dürrenberg","Unterland","Unterland, linkes Elsterufer","Ort",713.0,725.0,719.0,268.5,273.1,270.8,64,66.1,1,0,"13","r10c2",,
91,"Waltersdorf","Unterland","Unterland, linkes Elsterufer","Ort",720.0,775.0,747.5,271.2,291.9,281.5,75,77.6,1,0,"13","r11c2",11.93342,50.84965
92,"Kaltenborn","Unterland","Unterland, linkes Elsterufer","Ort",725.0,825.0,775.0,273.1,310.7,291.9,82,84.9,1,0,"13","r13c2",11.96111,50.86997
93,"Mühlsdorf, Dorfmitte","Unterland","Unterland, linkes Elsterufer","Ort",775.0,775.0,775.0,291.9,291.9,291.9,83,85.9,0,0,"13","r15c2",12.00989,50.9009
94,"Ernsee","Unterland","Unterland, linkes Elsterufer","Ort",800.0,825.0,812.5,301.3,310.7,306.0,89,92.2,1,0,"13","r16c2",12.03891,50.87798
95,"Dürrenebersdorf","Unterland","Unterland, linkes Elsterufer","Ort",820.0,865.0,842.5,308.8,325.8,317.3,91,94.3,1,0,"13","r18c2",12.02836,50.85045
96,"Hundhaupten","Unterland","Unterland, linkes Elsterufer","Ort",820.0,900.0,860.0,308.8,339.0,323.9,93,96.4,1,0,"13","r20c2",11.98333,50.83333
97,"St. Gangloff","Unterland","Unterland, linkes Elsterufer","Ort",850.0,850.0,850.0,320.1,320.1,320.1,,,0,1,"13","r22c2",,
98,"Weißig","Unterland","Unterland, linkes Elsterufer","Ort",860.0,865.0,862.5,323.9,325.8,324.8,94,97.4,1,0,"13","r23c2",12.02747,50.83816
99,"Markersdorf","Unterland","Unterland, linkes Elsterufer","Ort",890.0,890.0,890.0,335.2,335.2,335.2,,,0,1,"13","r24c2",,
100,"Käseschenke","Unterland","Unterland, linkes Elsterufer","Ort",953.0,953.0,953.0,358.9,358.9,358.9,96,99.5,0,0,"13","r25c2",,
101,"Schloßmühle bei Reichenfels","Oberland","Oberland","Einzelstelle",800.0,800.0,800.0,301.3,301.3,301.3,2,0.9,0,0,"20","r1c1",,
102,"Neue Mühle bei Hohenleuben","Oberland","Oberland","Einzelstelle",800.0,800.0,800.0,301.3,301.3,301.3,1,0.3,0,0,"20","r2c1",,
103,"Sichelmühle","Oberland","Oberland","Einzelstelle",850.0,850.0,850.0,320.1,320.1,320.1,3,1.5,0,0,"20","r3c1",,
104,"Langenwetzendorf","Oberland","Oberland","Ort",875.0,1075.0,975.0,329.5,404.9,367.2,10,5.7,1,0,"20","r4c1",12.09407,50.67884
105,"Starkmühle","Oberland","Oberland","Einzelstelle",890.0,890.0,890.0,335.2,335.2,335.2,4,2.1,0,0,"20","r6c1",,
106,"Triebes","Oberland","Oberland","Ort",895.0,980.0,937.5,337.1,369.1,353.1,8,4.5,1,0,"20","r7c1",12.02042,50.68489
107,"Mündung des Schmidtsgrundes in Langenwetzendorf","Oberland","Oberland","Einzelstelle",900.0,900.0,900.0,339.0,339.0,339.0,5,2.7,0,0,"20","r11c1",,
108,"Sörbitzmühle a. d. Weida","Oberland","Oberland","Einzelstelle",920.0,920.0,920.0,346.5,346.5,346.5,6,3.3,0,0,"20","r12c1",,
109,"Riedelmühle","Oberland","Oberland","Einzelstelle",925.0,925.0,925.0,348.4,348.4,348.4,7,3.9,0,0,"20","r13c1",,
110,"Rettungshaus bei Hohenleuben","Oberland","Oberland","Einzelstelle",950.0,950.0,950.0,357.8,357.8,357.8,9,5.1,0,0,"20","r14c1",,
111,"Reichenfels (Fuß der Ruine)","Oberland","Oberland","Ort",975.0,975.0,975.0,367.2,367.2,367.2,11,6.2,0,0,"20","r15c1",,
112,"Hohenleuben","Oberland","Oberland","Ort",975.0,1050.0,1012.5,367.2,395.5,381.3,13,7.4,1,0,"20","r16c1",12.05427,50.71128
113,"Saalhäuser bei Saalburg","Oberland","Oberland","Einzelstelle",980.0,980.0,980.0,369.1,369.1,369.1,12,6.8,0,0,"20","r18c1",,
114,"Weckersdorf","Oberland","Oberland","Ort",990.0,1040.0,1015.0,372.9,391.7,382.3,14,8.0,1,0,"20","r19c1",11.91791,50.61598
115,"Kleinwolschendorf","Oberland","Oberland","Ort",1015.0,1060.0,1037.5,382.3,399.2,390.7,17,9.8,1,0,"20","r21c1",11.94807,50.64906
116,"Leitlitzmühle","Oberland","Oberland","Einzelstelle",1020.0,1020.0,1020.0,384.2,384.2,384.2,15,8.6,0,0,"20","r23c1",,
117,"Zscherlich","Oberland","Oberland","Ort",1025.0,1025.0,1025.0,386.0,386.0,386.0,16,9.2,0,0,"20","r24c1",,
118,"Pahren","Oberland","Oberland","Ort",1025.0,1060.0,1042.5,386.0,399.2,392.6,20,11.6,1,0,"20","r25c1",11.89638,50.6452
119,"Göttendorf","Oberland","Oberland","Ort",1025.0,1080.0,1052.5,386.0,406.8,396.4,24,14.0,1,0,"20","r26c1",12.06667,50.66667
120,"Göschitz","Oberland","Oberland","Ort",1025.0,1070.0,1047.5,386.0,403.0,394.5,21,12.2,1,0,"20","r27c1",11.86667,50.63333
121,"Langenwolschendorf","Oberland","Oberland","Ort",1030.0,1170.0,1100.0,387.9,440.7,414.3,32,18.8,1,0,"20","r28c1",11.95416,50.63546
122,"Neue Mühle a. d. Sormitz","Oberland","Oberland","Einzelstelle",1040.0,1040.0,1040.0,391.7,391.7,391.7,18,10.4,0,0,"20","r1c2",,
123,"Neue Hammer a. d. Saale","Oberland","Oberland","Einzelstelle",1042.0,1042.0,1042.0,392.4,392.4,392.4,19,11.0,0,0,"20","r2c2",,
124,"Gottliebsthal, Saale","Oberland","Oberland","Einzelstelle",1048.0,1048.0,1048.0,394.7,394.7,394.7,22,12.8,0,0,"20","r3c2",,
125,"Spaniershammer","Oberland","Oberland","Einzelstelle",1050.0,1050.0,1050.0,395.5,395.5,395.5,23,13.4,0,0,"20","r4c2",,
126,"Weißendorf","Oberland","Oberland","Ort",1050.0,1100.0,1075.0,395.5,414.3,404.9,26,15.2,1,0,"20","r5c2",12.0,50.68333
127,"Drahtmühle a. d. Sormitz","Oberland","Oberland","Einzelstelle",1054.0,1054.0,1054.0,397.0,397.0,397.0,25,14.6,0,0,"20","r6c2",,
128,"Hirschbach","Oberland","Oberland","Ort",1072.0,1090.0,1081.0,403.7,410.5,407.1,28,16.4,1,0,"20","r7c2",12.07535,50.67122
129,"Leitlitz","Oberland","Oberland","Ort",1075.0,1160.0,1117.5,404.9,436.9,420.9,34,19.9,1,0,"20","r8c2",11.96139,50.61553
130,"Saalburg","Oberland","Oberland","Ort",1075.0,1140.0,1107.5,404.9,429.4,417.1,33,19.3,1,0,"20","r10c2",11.73176,50.50241
131,"Zschachenmühle bei Gahma","Oberland","Oberland","Einzelstelle",1080.0,1080.0,1080.0,406.8,406.8,406.8,27,15.8,0,0,"20","r12c2",,
132,"Harra","Oberland","Oberland","Ort",1080.0,1290.0,1185.0,406.8,485.8,446.3,50,29.5,1,0,"20","r13c2",11.68333,50.41667
133,"Lemnitzhammer","Oberland","Oberland","Einzelstelle",1088.0,1088.0,1088.0,409.8,409.8,409.8,29,17.0,0,0,"20","r15c2",,
134,"Niederböhmsdorf","Oberland","Oberland","Ort",1095.0,1140.0,1117.5,412.4,429.4,420.9,35,20.5,1,0,"20","r16c2",,
135,"Neupöllwitz","Oberland","Oberland","Ort",1098.0,1098.0,1098.0,413.5,413.5,413.5,30,17.6,0,0,"20","r17c2",,
136,"Schmidtsgut bei Leitlitz","Oberland","Oberland","Einzelstelle",1098.0,1098.0,1098.0,413.5,413.5,413.5,31,18.2,0,0,"20","r18c2",,
137,"Blankenstein","Oberland","Oberland","Ort",1100.0,1150.0,1125.0,414.3,433.1,423.7,37,21.7,1,0,"20","r19c2",11.69898,50.40213
138,"Neuärgerniß","Oberland","Oberland","Ort",1116.0,1125.0,1120.5,420.3,423.7,422.0,36,21.1,1,0,"20","r20c2",,
139,"Burkersdorf","Oberland","Oberland","Ort",1120.0,1175.0,1147.5,421.8,442.5,432.2,41,24.1,1,0,"20","r21c2",11.88084,50.65239
140,"Kranich, Mitte","Oberland","Oberland","Ort",1125.0,1125.0,1125.0,423.7,423.7,423.7,38,22.3,0,0,"20","r23c2",12.00464,50.68478
141,"Görkwitz","Oberland","Oberland","Ort",1125.0,1175.0,1150.0,423.7,442.5,433.1,42,24.7,1,0,"20","r24c2",11.78333,50.58333
142,"Rödersdorf","Oberland","Oberland","Ort",1125.0,1160.0,1142.5,423.7,436.9,430.3,40,23.5,1,0,"20","r25c2",11.85167,50.63056
143,"Löhma","Oberland","Oberland","Ort",1132.0,1175.0,1153.5,426.3,442.5,434.4,44,25.9,1,0,"20","r26c2",11.85202,50.61167
144,"Schleiz, Wiesenthal","Oberland","Oberland","Ort",1138.0,1138.0,1138.0,428.6,428.6,428.6,39,22.9,0,0,"20","r27c2",11.81024,50.57866
145,"Burkersdorf, Mitte","Oberland","Oberland","Ort",1150.0,1150.0,1150.0,433.1,433.1,433.1,43,25.3,0,0,"21","r2c1",11.88084,50.65239
146,"Oschitz","Oberland","Oberland","Ort",1150.0,1200.0,1175.0,433.1,451.9,442.5,47,27.7,1,0,"21","r4c1",11.78783,50.56536
147,"Pöritzsch","Oberland","Oberland","Ort",1150.0,1250.0,1200.0,433.1,470.8,451.9,54,31.8,1,0,"21","r5c1",11.71693,50.4962
148,"Grüngut","Oberland","Oberland","Einzelstelle",1160.0,1160.0,1160.0,436.9,436.9,436.9,45,26.5,0,0,"21","r6c1",,
149,"Hirschberg","Oberland","Oberland","Ort",1170.0,1225.0,1197.5,440.7,461.4,451.0,53,31.2,1,0,"21","r7c1",11.81829,50.40538
150,"Tegau","Oberland","Oberland","Ort",1170.0,1210.0,1190.0,440.7,455.7,448.2,51,30.1,1,0,"21","r9c1",11.86667,50.65
151,"Saalbach, Mitte","Oberland","Oberland","Ort",1172.0,1172.0,1172.0,441.4,441.4,441.4,46,27.1,0,0,"21","r11c1",11.75,50.4
152,"Billingsmühle bei Lössau","Oberland","Oberland","Einzelstelle",1175.0,1175.0,1175.0,442.5,442.5,442.5,48,28.3,0,0,"21","r12c1",,
153,"Klettigsmühle an der Sormitz","Oberland","Oberland","Einzelstelle",1175.0,1175.0,1175.0,442.5,442.5,442.5,49,28.9,0,0,"21","r13c1",,
154,"Raila","Oberland","Oberland","Ort",1190.0,1250.0,1220.0,448.2,470.8,459.5,61,36.0,1,0,"21","r14c1",11.79251,50.51814
155,"Pörmitz","Oberland","Oberland","Ort",1190.0,1220.0,1205.0,448.2,459.5,453.8,57,33.6,1,0,"21","r15c1",11.81667,50.61667
156,"Lehesten","Oberland","Oberland","Ort",1190.0,1350.0,1270.0,448.2,508.4,478.3,68,40.2,1,0,"21","r17c1",,
157,"Klettigshammer, unterstes Haus","Oberland","Oberland","Einzelstelle",1195.0,1195.0,1195.0,450.1,450.1,450.1,52,30.7,0,0,"21","r18c1",,
158,"Herrnmühle, unterhalb Lobenstein","Oberland","Oberland","Einzelstelle",1200.0,1200.0,1200.0,451.9,451.9,451.9,55,32.4,0,0,"21","r19c1",,
159,"Dragensdorf","Oberland","Oberland","Ort",1200.0,1220.0,1210.0,451.9,459.5,455.7,59,34.8,1,0,"21","r20c1",11.83354,50.64592
160,"Schleizer Bergkirche","Oberland","Oberland","Einzelstelle",1200.0,1200.0,1200.0,451.9,451.9,451.9,56,33.0,0,0,"21","r22c1",,
161,"Loßmühle","Oberland","Oberland","Einzelstelle",1205.0,1205.0,1205.0,453.8,453.8,453.8,58,34.2,0,0,"21","r23c1",,
162,"Chausseehaus nördl. von Tegau","Oberland","Oberland","Einzelstelle",1210.0,1210.0,1210.0,455.7,455.7,455.7,60,35.4,0,0,"21","r24c1",,
163,"Gräfenwarth","Oberland","Oberland","Ort",1215.0,1271.0,1243.0,457.6,478.7,468.1,63,37.2,1,0,"21","r25c1",11.75311,50.52975
164,"Joachimsmühle am Streitwalde","Oberland","Oberland","Einzelstelle",1225.0,1225.0,1225.0,461.4,461.4,461.4,62,36.6,0,0,"21","r26c1",,
165,"Waldhäuser (Oberböhmsdorf)","Oberland","Oberland","Einzelstelle",1250.0,1275.0,1262.5,470.8,480.2,475.5,67,39.6,1,0,"21","r27c1",,
166,"Triebichsmühle","Oberland","Oberland","Einzelstelle",1250.0,1250.0,1250.0,470.8,470.8,470.8,66,39.0,0,0,"21","r29c1",,
167,"Niedergrün","Oberland","Oberland","Ort",1250.0,1250.0,1250.0,470.8,470.8,470.8,65,38.4,0,0,"21","r30c1",,
168,"Dettersdorf, Mitte","Oberland","Oberland","Ort",1250.0,1250.0,1250.0,470.8,470.8,470.8,64,37.8,0,0,"21","r31c1",11.81667,50.6
169,"Lobenstein","Oberland","Oberland","Ort",1250.0,1300.0,1275.0,470.8,489.6,480.2,69,40.8,1,0,"21","r34c1",11.6393,50.45223
170,"Dittersdorf","Oberland","Oberland","Ort",1255.0,1350.0,1302.5,472.7,508.4,490.6,77,45.5,1,0,"21","r41c1",11.81667,50.65
171,"Göritz","Oberland","Oberland","Ort",1267.0,1325.0,1296.0,477.2,499.0,488.1,73,43.2,1,0,"21","r43c1",11.79425,50.43111
172,"Lückenmühle","Oberland","Oberland","Einzelstelle",1275.0,1275.0,1275.0,480.2,480.2,480.2,71,42.0,0,0,"21","r44c1",,
173,"Kirschkau, die nördlichen Häuser","Oberland","Oberland","Ort",1275.0,1275.0,1275.0,480.2,480.2,480.2,70,41.4,0,0,"21","r45c1",11.88708,50.60487
174,"Pottiga","Oberland","Oberland","Ort",1275.0,1360.0,1317.5,480.2,512.2,496.2,80,47.3,1,0,"21","r47c1",11.74052,50.41459
175,"Bärenmühle unterhalb Wurzbach","Oberland","Oberland","Einzelstelle",1292.0,1292.0,1292.0,486.6,486.6,486.6,72,42.6,0,0,"21","r48c1",,
176,"Lössau","Oberland","Oberland","Ort",1300.0,1330.0,1315.0,489.6,500.9,495.3,79,46.7,1,0,"21","r49c1",11.88422,50.58783
177,"Lothramühle","Oberland","Oberland","Einzelstelle",1300.0,1300.0,1300.0,489.6,489.6,489.6,76,44.9,0,0,"21","r51c1",,
178,"Forsthaus am Streitwalde","Oberland","Oberland","Einzelstelle",1300.0,1300.0,1300.0,489.6,489.6,489.6,75,44.3,0,0,"21","r1c2",,
179,"Carolinenfeld (Mitte)","Oberland","Oberland","Ort",1300.0,1300.0,1300.0,489.6,489.6,489.6,74,43.8,0,0,"21","r2c2",11.67592,50.54828
180,"Ebersdorf","Oberland","Oberland","Ort",1320.0,1390.0,1355.0,497.1,523.5,510.3,85,50.3,1,0,"21","r3c2",11.66757,50.48461
181,"Weidmannsheil","Oberland","Oberland","Einzelstelle",1324.0,1324.0,1324.0,498.7,498.7,498.7,82,48.5,0,0,"21","r6c2",,
182,"Kalte Schäferei","Oberland","Oberland","Einzelstelle",1322.6,1322.6,1322.6,498.1,498.1,498.1,81,47.9,0,0,"21","r7c2",,
183,"Oberböhmsdorf","Oberland","Oberland","Ort",1325.0,1348.0,1336.5,499.0,507.7,503.4,83,49.1,1,0,"21","r8c2",11.83176,50.56123
184,"die neue Kolonie","Oberland","Oberland","Einzelstelle",1365.0,1365.0,1365.0,514.1,514.1,514.1,88,52.1,0,0,"21","r9c2",,
185,"Grauer Affe","Oberland","Oberland","Einzelstelle",1312.0,1312.0,1312.0,494.1,494.1,494.1,78,46.1,0,0,"21","r10c2",,
186,"Zollgrün","Oberland","Oberland","Ort",1355.0,1380.0,1367.5,510.3,519.7,515.0,90,53.3,1,0,"21","r11c2",11.83017,50.51418
187,"Wernsdorf","Oberland","Oberland","Ort",1340.0,1360.0,1350.0,504.7,512.2,508.4,84,49.7,1,0,"21","r13c2",11.77566,50.50482
188,"Unterkoskau","Oberland","Oberland","Ort",1348.0,1425.0,1386.5,507.7,536.7,522.2,97,57.4,1,0,"21","r14c2",11.91173,50.50202
189,"Blintendorf","Oberland","Oberland","Ort",1350.0,1370.0,1360.0,508.4,516.0,512.2,86,50.9,1,0,"21","r15c2",11.80597,50.44775
190,"Rödern","Oberland","Oberland","Ort",1360.0,1370.0,1365.0,512.2,516.0,514.1,87,51.5,1,0,"21","r16c2",11.62407,50.53172
191,"Schönbrunn","Oberland","Oberland","Ort",1360.0,1440.0,1400.0,512.2,542.3,527.3,102,60.4,1,0,"21","r17c2",11.65292,50.47462
192,"Siehdichfür","Oberland","Oberland","Ort",1367.0,1367.0,1367.0,514.8,514.8,514.8,89,52.7,0,0,"21","r18c2",11.61147,50.53024
193,"Langgrün","Oberland","Oberland","Ort",1365.0,1430.0,1397.5,514.1,538.6,526.3,101,59.8,1,0,"21","r19c2",11.7707,50.45916
194,"Oberkoskau","Oberland","Oberland","Ort",1370.0,1395.0,1382.5,516.0,525.4,520.7,96,56.8,1,0,"21","r21c2",11.91863,50.49075
195,"Marienstein","Oberland","Oberland","Ort",1372.5,1372.5,1372.5,516.9,516.9,516.9,94,55.7,0,0,"21","r22c2",,
196,"Solmsgrün","Oberland","Oberland","Ort",1372.5,1372.5,1372.5,516.9,516.9,516.9,95,56.2,0,0,"21","r23c2",,
197,"Dobareuth, Mitte","Oberland","Oberland","Ort",1372.5,1372.5,1372.5,516.9,516.9,516.9,91,53.9,0,0,"21","r24c2",11.85653,50.42646
198,"Ebersberg","Oberland","Oberland","Ort",1372.5,1372.5,1372.5,516.9,516.9,516.9,93,55.1,0,0,"21","r25c2",,
199,"Dürre Schäferei","Oberland","Oberland","Einzelstelle",1372.5,1372.5,1372.5,516.9,516.9,516.9,92,54.5,0,0,"21","r26c2",,
200,"Künsdorf","Oberland","Oberland","Ort",1375.0,1425.0,1400.0,517.9,536.7,527.3,103,61.0,1,0,"21","r27c2",11.77404,50.4777
201,"Gallenberg","Oberland","Oberland","Ort",1397.0,1397.0,1397.0,526.1,526.1,526.1,99,58.6,0,0,"21","r29c2",,
202,"Frössen","Oberland","Oberland","Ort",1375.0,1450.0,1412.5,517.9,546.1,532.0,108,64.0,1,0,"21","r30c2",11.76774,50.44045
203,"Lichtenbrunn","Oberland","Oberland","Ort",1375.0,1510.0,1442.5,517.9,568.7,543.3,116,68.8,1,0,"21","r32c2",11.64105,50.42184
204,"Wurzbach","Oberland","Oberland","Ort",1380.0,1510.0,1445.0,519.7,568.7,544.2,118,69.9,1,0,"21","r33c2",11.53779,50.46357
205,"Seubtendorf","Oberland","Oberland","Ort",1390.0,1430.0,1410.0,523.5,538.6,531.0,107,63.4,1,0,"21","r37c2",11.80889,50.47318
206,"Frankendorf, das Gut","Oberland","Oberland","Ort",1394.0,1394.0,1394.0,525.0,525.0,525.0,98,58.0,0,0,"21","r39c2",11.86047,50.50366
207,"Mielesdorf, Kirche","Oberland","Oberland","Ort",1397.0,1397.0,1397.0,526.1,526.1,526.1,100,59.2,0,0,"21","r40c2",11.86443,50.52939
208,"Benzka, Dorfsmitte","Oberland","Oberland","Ort",1400.0,1400.0,1400.0,527.3,527.3,527.3,104,61.6,0,0,"21","r41c2",11.83543,50.40164
209,"Absangk","Oberland","Oberland","Ort",1403.0,1403.0,1403.0,528.4,528.4,528.4,105,62.2,0,0,"21","r42c2",,
210,"Heinrichsruh","Oberland","Oberland","Ort",1405.0,1425.0,1415.0,529.2,536.7,532.9,109,64.6,1,0,"21","r43c2",,
211,"Ullersreuth, Kirche","Oberland","Oberland","Ort",1408.0,1408.0,1408.0,530.3,530.3,530.3,106,62.8,0,0,"21","r46c2",11.81528,50.42607
212,"Kulm","Oberland","Oberland","Ort",1410.0,1450.0,1430.0,531.0,546.1,538.6,111,65.8,1,0,"21","r47c2",11.75415,50.50727
213,"Spilmes","Oberland","Oberland","Ort",1418.0,1426.0,1422.0,534.1,537.1,535.6,110,65.2,1,0,"21","r49c2",11.92935,50.46781
214,"Mödlareuth","Oberland","Oberland","Ort",1420.0,1475.0,1447.5,534.8,555.5,545.2,124,73.5,1,0,"21","r51c2",11.88359,50.41504
215,"Birk","Oberland","Oberland","Ort",1420.0,1470.0,1445.0,534.8,553.6,544.2,119,70.5,1,0,"22","r1c1",,
216,"Hohenpreis","Oberland","Oberland","Ort",1425.0,1450.0,1437.5,536.7,546.1,541.4,114,67.6,1,0,"22","r2c1",11.7726,50.43615
217,"Lerchenhügel","Oberland","Oberland","Ort",1425.0,1460.0,1442.5,536.7,549.9,543.3,117,69.3,1,0,"22","r3c1",11.73333,50.43333
218,"Unterlemnitz","Oberland","Oberland","Ort",1425.0,1475.0,1450.0,536.7,555.5,546.1,125,74.1,1,0,"22","r4c1",11.62128,50.47193
219,"Tanna","Oberland","Oberland","Ort",1430.0,1480.0,1455.0,538.6,557.4,548.0,128,75.9,1,0,"22","r5c1",11.85725,50.4946
220,"Altengesees","Oberland","Oberland","Ort",1430.0,1460.0,1445.0,538.6,549.9,544.2,120,71.1,1,0,"22","r7c1",11.54025,50.54845
221,"Lothra","Oberland","Oberland","Ort",1430.0,1460.0,1445.0,538.6,549.9,544.2,121,71.7,1,0,"22","r9c1",11.55844,50.56832
222,"Thierbach","Oberland","Oberland","Ort",1430.0,1528.0,1479.0,538.6,575.5,557.0,134,79.5,1,0,"22","r10c1",11.55238,50.49668
223,"Benignengrün","Oberland","Oberland","Ort",1432.0,1432.0,1432.0,539.3,539.3,539.3,112,66.4,0,0,"22","r11c1",11.53265,50.45791
224,"Lichtenbrunn, Mitte","Oberland","Oberland","Ort",1437.0,1437.0,1437.0,541.2,541.2,541.2,113,67.0,0,0,"22","r12c1",11.64105,50.42184
225,"Schilbach","Oberland","Oberland","Ort",1440.0,1505.0,1472.5,542.3,566.8,554.6,131,77.7,1,0,"22","r13c1",11.82519,50.48855
226,"Ruppersdorf","Oberland","Oberland","Ort",1440.0,1500.0,1470.0,542.3,564.9,553.6,130,77.1,1,0,"22","r15c1",11.57618,50.5107
227,"Seibis","Oberland","Oberland","Ort",1442.0,1442.0,1442.0,543.1,543.1,543.1,115,68.2,0,0,"22","r17c1",11.639,50.39872
228,"Hochofen bei Benignengrün","Oberland","Oberland","Einzelstelle",1447.0,1447.0,1447.0,545.0,545.0,545.0,122,72.3,0,0,"22","r18c1",,
229,"Rothenacker Kirche","Oberland","Oberland","Einzelstelle",1447.0,1447.0,1447.0,545.0,545.0,545.0,123,72.9,0,0,"22","r19c1",,
230,"Arlas, Kirchenruine","Oberland","Oberland","Einzelstelle",1458.0,1458.0,1458.0,549.1,549.1,549.1,129,76.5,0,0,"22","r20c1",,
231,"Knauersmühle","Oberland","Oberland","Einzelstelle",1452.0,1452.0,1452.0,546.9,546.9,546.9,126,74.7,0,0,"22","r21c1",,
232,"Bellevue","Oberland","Oberland","Einzelstelle",1454.0,1454.0,1454.0,547.6,547.6,547.6,127,75.3,0,0,"22","r22c1",,
233,"Schornsteinsrand am Forsthaus","Oberland","Oberland","Einzelstelle",1477.0,1477.0,1477.0,556.3,556.3,556.3,133,78.9,0,0,"22","r23c1",,
234,"Oßlaer Mühle","Oberland","Oberland","Einzelstelle",1473.0,1473.0,1473.0,554.8,554.8,554.8,132,78.3,0,0,"22","r24c1",,
235,"Kießling","Oberland","Oberland","Ort",1475.0,1525.0,1500.0,555.5,574.4,564.9,135,80.1,1,0,"22","r25c1",11.67167,50.40791
236,"Göttengrün","Oberland","Oberland","Ort",1475.0,1575.0,1525.0,555.5,593.2,574.4,139,82.4,1,0,"22","r27c1",11.83122,50.45951
237,"Willersdorf","Oberland","Oberland","Ort",1480.0,1520.0,1500.0,557.4,572.5,564.9,136,80.7,1,0,"22","r28c1",11.89817,50.47813
238,"Thimmendorf","Oberland","Oberland","Ort",1485.0,1575.0,1530.0,559.3,593.2,576.2,140,83.0,1,0,"22","r30c1",11.57045,50.53838
239,"Dornbusch","Oberland","Oberland","Ort",1500.0,1510.0,1505.0,564.9,568.7,566.8,138,81.8,1,0,"22","r32c1",,
240,"Pulvermühle am Langwasser","Oberland","Oberland","Einzelstelle",1503.0,1503.0,1503.0,566.1,566.1,566.1,137,81.2,0,0,"22","r33c1",,
241,"Titschendorf","Oberland","Oberland","Ort",1510.0,1604.0,1557.0,568.7,604.1,586.4,145,86.0,1,0,"22","r34c1",11.52678,50.38652
242,"Oßla","Oberland","Oberland","Ort",1525.0,1580.0,1552.5,574.4,595.1,584.7,144,85.4,1,0,"22","r1c2",11.50703,50.46393
243,"Dürrenbach","Oberland","Oberland","Ort",1525.0,1590.0,1557.5,574.4,598.8,586.6,146,86.6,1,0,"22","r2c2",11.51259,50.44541
244,"Stelzen","Oberland","Oberland","Ort",1525.0,1560.0,1542.5,574.4,587.5,580.9,141,83.6,1,0,"22","r3c2",11.94502,50.4867
245,"Helmsgrün","Oberland","Oberland","Ort",1530.0,1560.0,1545.0,576.2,587.5,581.9,142,84.2,1,0,"22","r4c2",11.5892,50.45972
246,"Gebersreuth","Oberland","Oberland","Ort",1540.0,1575.0,1557.5,580.0,593.2,586.6,147,87.2,1,0,"22","r5c2",11.89368,50.42897
247,"Oberlemnitz","Oberland","Oberland","Ort",1542.0,1590.0,1566.0,580.8,598.8,589.8,148,87.8,1,0,"22","r6c2",11.60617,50.48605
248,"Juchhöh, Chausseehaus","Oberland","Oberland","Einzelstelle",1546.0,1546.0,1546.0,582.3,582.3,582.3,143,84.8,0,0,"22","r8c2",,
249,"Gahma","Oberland","Oberland","Ort",1550.0,1590.0,1570.0,583.8,598.8,591.3,149,88.4,1,0,"22","r9c2",11.53763,50.5231
250,"Ebersberg","Oberland","Oberland","Ort",1570.0,1575.0,1572.5,591.3,593.2,592.2,152,90.2,1,0,"22","r12c2",,
251,"Langwassermühle","Oberland","Oberland","Einzelstelle",1572.0,1572.0,1572.0,592.1,592.1,592.1,150,89.0,0,0,"22","r13c2",,
252,"Göttengrün, Chaussee","Oberland","Oberland","Einzelstelle",1572.3,1572.3,1572.3,592.2,592.2,592.2,151,89.6,0,0,"22","r14c2",,
253,"Straßenreuth, Nordhäuser","Oberland","Oberland","Ort",1625.0,1625.0,1625.0,612.0,612.0,612.0,153,90.8,0,0,"22","r15c2",11.90053,50.42348
254,"Heinrichshöhe","Oberland","Oberland","Ort",1625.0,1650.0,1637.5,612.0,621.4,616.7,154,91.4,1,0,"22","r16c2",11.53006,50.39769
255,"Hornsgrün","Oberland","Oberland","Ort",1646.0,1646.0,1646.0,619.9,619.9,619.9,155,92.0,0,0,"22","r17c2",11.57893,50.43058
256,"Schlegel, Teich im Dorfe","Oberland","Oberland","Ort",1646.0,1646.0,1646.0,619.9,619.9,619.9,156,92.6,0,0,"22","r18c2",11.61667,50.4
257,"Eliasbrunn","Oberland","Oberland","Ort",1650.0,1680.0,1665.0,621.4,632.7,627.1,157,93.2,1,0,"22","r19c2",11.60109,50.49648
258,"Heidefeld","Oberland","Oberland","Ort",1665.0,1675.0,1670.0,627.1,630.8,629.0,158,93.8,1,0,"22","r21c2",,
259,"Heinersdorf","Oberland","Oberland","Ort",1680.0,1760.0,1720.0,632.7,662.9,647.8,162,96.1,1,0,"22","r22c2",11.57588,50.47274
260,"Röttersdorf","Oberland","Oberland","Ort",1695.0,1755.0,1725.0,638.4,661.0,649.7,163,96.7,1,0,"22","r24c2",11.47843,50.46702
261,"Heinrichsgrün","Oberland","Oberland","Ort",1697.0,1720.0,1708.5,639.1,647.8,643.5,160,94.9,1,0,"22","r26c2",,
262,"Heinrichsort","Oberland","Oberland","Ort",1704.0,1704.0,1704.0,641.8,641.8,641.8,159,94.3,0,0,"22","r27c2",,
263,"Jägersruh","Oberland","Oberland","Ort",1717.0,1717.0,1717.0,646.7,646.7,646.7,161,95.5,0,0,"22","r28c2",,
264,"Neundorf","Oberland","Oberland","Ort",1720.0,1780.0,1750.0,647.8,670.4,659.1,164,97.3,1,0,"22","r29c2",11.60165,50.43785
265,"Rodacherbrunn","Oberland","Oberland","Ort",1780.0,1810.0,1795.0,670.4,681.7,676.0,165,97.9,1,0,"22","r31c2",11.53076,50.41935
266,"Grumbach, Mitte","Oberland","Oberland","Ort",1797.0,1797.0,1797.0,676.8,676.8,676.8,166,98.5,0,0,"22","r32c2",11.49899,50.42997
267,"Kohlhäuser","Oberland","Oberland","Ort",1800.0,1825.0,1812.5,677.9,687.3,682.6,167,99.1,1,0,"22","r33c2",,
268,"Karolinenfeld","Oberland","Oberland","Ort",1874.6,1874.6,1874.6,706.0,706.0,706.0,168,99.7,0,0,"22","r34c2",,
