place_label,place,church,year_start,year_end,century_de,century_en
"Gera (Trinitatiskirche)","Gera","Trinitatiskirche",1611,1613,"17. Jh.","17th c."
"Oschitz","Oschitz","",1614,1614,"17. Jh.","17th c."
"Tanna","Tanna","",1640,1642,"17. Jh.","17th c."
"Saalburg","Saalburg","",1642,1642,"17. Jh.","17th c."
"Oberböhmsdorf","Oberböhmsdorf","",1665,1665,"17. Jh.","17th c."
"Schleiz (St. Georgenkirche)","Schleiz","St. Georgenkirche",1694,1694,"17. Jh.","17th c."
"Gräfenwarth","Gräfenwarth","",1702,1702,"18. Jh.","18th c."
"Eliasbrunn","Eliasbrunn","",1703,1703,"18. Jh.","18th c."
"Löhma","Löhma","",1710,1710,"18. Jh.","18th c."
"Dittersdorf","Dittersdorf","",1713,1713,"18. Jh.","18th c."
"Triebes","Triebes","",1717,1717,"18. Jh.","18th c."
"Köstritz","Köstritz","",1718,1718,"18. Jh.","18th c."
"Künsdorf","Künsdorf","",1719,1719,"18. Jh.","18th c."
"Mielesdorf","Mielesdorf","",1719,1719,"18. Jh.","18th c."
"Langenwolschendorf","Langenwolschendorf","",1721,1721,"18. Jh.","18th c."
"Göschitz","Göschitz","",1725,1725,"18. Jh.","18th c."
"Kleinwolschendorf","Kleinwolschendorf","",1726,1726,"18. Jh.","18th c."
"Frankenthal","Frankenthal","",1732,1732,"18. Jh.","18th c."
"Schilbach","Schilbach","",1732,1732,"18. Jh.","18th c."
"Lobenstein","Lobenstein","",1733,1733,"18. Jh.","18th c."
"Kirschkau","Kirschkau","",1753,1753,"18. Jh.","18th c."
"Waltersdorf","Waltersdorf","",1756,1756,"18. Jh.","18th c."
"Ullersreuth","Ullersreuth","",1761,1761,"18. Jh.","18th c."
"Lössau","Lössau","",1763,1763,"18. Jh.","18th c."
"Wurzbach","Wurzbach","",1768,1768,"18. Jh.","18th c."
"Pahren","Pahren","",1775,1775,"18. Jh.","18th c."
"Bethenhausen","Bethenhausen","",1777,1777,"18. Jh.","18th c."
"Titschendorf","Titschendorf","",1778,1778,"18. Jh.","18th c."
"Gera (Salvatorkirche)","Gera","Salvatorkirche",1782,1782,"18. Jh.","18th c."
"Hirschberg","Hirschberg","",1842,1842,"19. Jh.","19th c."
