place_id,name,landestheil,class_de,inhabitants,horses,cattle,sheep,goats,leittier,tiere,lon,lat,page,block
"ernsee","Ernsee","Gera","Dorf",136,13,84,413,7,"schafe",497,12.03891,50.87798,"418","b3"
"untermhaus","Untermhaus","Gera","Dorf",1731,54,33,,16,"rinder",33,12.06524,50.88509,"420","b2"
"cuba","Cuba","Gera","Dorf",328,18,19,12,4,"rinder",31,,,"423","b2"
"roschitz","Roschitz","Gera","Dorf",32,5,39,74,4,"schafe",113,,,"423","b3"
"tinz","Tinz","Gera","Dorf",315,24,121,300,6,"schafe",421,12.07493,50.90055,"425","b2"
"bieblach","Bieblach","Gera","Dorf",109,31,122,654,4,"schafe",776,12.08855,50.89626,"427","b2"
"gera","Gera","Gera","Stadt",16283,237,50,193,55,,,12.08187,50.88029,"428","b1"
"debschwitz","Debschwitz","Gera","Dorf",374,13,100,,12,"rinder",100,12.07228,50.85622,"449","b2"
"pforten","Pforten","Gera","Dorf",549,14,69,,16,"rinder",69,,,"450","b2"
"zwoetzen","Zwötzen","Gera","Dorf",551,20,92,203,42,"schafe",295,12.08635,50.84858,"451","b2"
"lusan","Lusan","Gera","Dorf",140,27,120,218,10,"schafe",338,12.06517,50.84372,"453","b2"
"oberroeppisch","Oberröppisch","Gera","Dorf",128,20,110,162,4,"schafe",272,12.06667,50.83333,"455","b2"
"zeulsdorf","Zeulsdorf","Gera","Dorf",95,8,69,225,4,"schafe",294,12.04795,50.84193,"456","b2"
"weissig","Weißig","Gera","Dorf",130,12,100,155,4,"schafe",255,12.02747,50.83816,"457","b2"
"duerrenebersdorf","Dürrenebersdorf","Gera","Dorf",345,6,118,,20,"rinder",118,12.02836,50.85045,"458","b2"
"gorlitzsch","Gorlitzsch","Gera","Dorf",36,1,26,15,4,"rinder",41,12.03906,50.83025,"460","b2"
"hundhaupten","Hundhaupten","Gera","Dorf",165,24,141,234,19,"schafe",375,11.98333,50.83333,"461","b2"
"schoena","Schöna","Gera","Dorf",163,24,125,159,5,"schafe",284,11.96536,50.84111,"462","b2"
"waltersdorf","Waltersdorf","Gera","Dorf",345,42,178,242,39,"schafe",420,11.93342,50.84965,"463","b2"
"kleinsaara","Kleinsaara","Gera","Dorf",143,3,79,200,23,"schafe",279,11.95847,50.85396,"466","b2"
"grosssaara","Großsaara","Gera","Dorf",296,31,165,350,22,"schafe",515,11.97677,50.85724,"467","b2"
"geissen","Geißen","Gera","Dorf",116,16,102,260,1,"schafe",362,12.00052,50.8617,"469","b2"
"langengrobsdorf","Langengrobsdorf","Gera","Dorf",77,8,51,70,10,"schafe",121,12.01049,50.85321,"470","b2"
"windischenbernsdorf","Windischenbernsdorf","Gera","Dorf",254,14,75,,6,"rinder",75,12.01999,50.86418,"471","b2"
"scheubengrobsdorf","Scheubengrobsdorf","Gera","Dorf",221,21,91,304,10,"schafe",395,12.02998,50.86908,"472","b2"
"frankenthal","Frankenthal","Gera","Dorf",689,13,81,60,39,"rinder",141,12.01292,50.8778,"473","b2"
"thieschitz","Thieschitz","Gera","Dorf",129,13,78,127,16,"schafe",205,12.04424,50.9046,"476","b2"
"milbitz","Milbitz","Gera","Dorf",81,17,75,258,3,"schafe",333,12.05474,50.90271,"477","b2"
"rubitz","Rubitz","Gera","Dorf",225,12,93,272,6,"schafe",365,12.03735,50.89995,"478","b2"
"toeppeln","Töppeln","Gera","Dorf",244,14,75,253,15,"schafe",328,12.00593,50.88993,"479","b3"
"muehlsdorf","Mühlsdorf","Gera","Dorf",176,9,101,82,12,"rinder",183,12.00989,50.9009,"481","b1"
"poersdorf","Pörsdorf","Gera","Dorf",138,8,114,130,8,"schafe",244,11.98894,50.89479,"482","b3"
"niederndorf","Niederndorf","Gera","Dorf",269,16,109,300,39,"schafe",409,11.97634,50.88238,"483","b2"
"kaltenborn","Kaltenborn","Gera","Dorf",245,7,101,60,3,"rinder",161,11.96111,50.86997,"484","b2"
"harpersdorf","Harpersdorf","Gera","Dorf",412,14,208,,37,"rinder",208,11.94477,50.87775,"485","b2"
"kraftsdorf","Kraftsdorf","Gera","Dorf",553,25,239,,41,"rinder",239,11.92944,50.87574,"487","b2"
"ruedersdorf","Rüdersdorf","Gera","Dorf",512,19,143,107,13,"rinder",250,11.95811,50.89744,"489","b2"
"stuebnitz","Stübnitz","Gera","Dorf",216,6,88,101,15,"schafe",189,11.95876,50.90495,"490","b3"
"gruena","Grüna","Gera","Dorf",129,7,58,,19,"rinder",58,11.97664,50.90728,"491","b2"
"hartmannsdorf","Hartmannsdorf","Gera","Dorf",274,19,110,459,31,"schafe",569,12.00568,50.90901,"492","b2"
"koestritz","Köstritz","Gera","Dorf",1524,59,285,823,82,"schafe",1108,12.01005,50.93032,"494","b2"
"gleina","Gleina","Gera","Dorf",147,12,108,7,18,"rinder",115,11.98587,50.93507,"499","b4"
"seifartsdorf","Seifartsdorf","Gera","Dorf",148,2,37,550,17,"schafe",587,11.95437,50.94451,"501","b2"
"caaschwitz","Caaschwitz","Gera","Dorf",422,34,192,5,37,"rinder",197,12.0,50.95,"503","b2"
"pohlitz","Pohlitz","Gera","Dorf",345,29,139,104,19,"rinder",243,12.02525,50.93905,"505","b2"
"stublach","Stublach","Gera","Dorf",126,19,103,230,3,"schafe",333,12.04433,50.91699,"507","b5"
"langenberg","Langenberg","Gera","Marktflecken",1453,37,87,210,36,"schafe",297,12.05707,50.92163,"510","b2"
"roben","Roben","Gera","Dorf",279,11,145,3,16,"rinder",148,12.05413,50.94254,"515","b2"
"steinbruecken","Steinbrücken","Gera","Dorf",314,29,161,441,20,"schafe",602,12.04211,50.94769,"517","b2"
"rusitz","Rusitz","Gera","Dorf",124,30,157,,2,"rinder",157,12.07275,50.93599,"519","b3"
"lessen","Lessen","Gera","Dorf",163,24,141,400,5,"schafe",541,12.06914,50.95815,"520","b2"
"grossaga","Großaga","Gera","Dorf",723,72,356,,1,"rinder",356,12.08766,50.96637,"521","b2"
"kleinaga","Kleinaga","Gera","Dorf",267,34,189,564,5,"schafe",753,12.09221,50.96003,"525","b2"
"reichenbach","Reichenbach","Gera","Dorf",105,15,87,15,5,"rinder",102,,,"527","b3"
"seeligenstaedt","Seeligenstädt","Gera","Dorf",95,10,38,,5,"rinder",38,12.09908,50.94686,"529","b2"
"hermsdorf","Hermsdorf","Gera","Dorf",199,30,158,,11,"rinder",158,12.15286,50.96327,"530","b2"
"wernsdorf-gera","Wernsdorf","Gera","Dorf",161,37,162,245,6,"schafe",407,12.15333,50.94535,"531","b2"
"kretzschwitz","Kretzschwitz","Gera","Dorf",123,43,134,277,4,"schafe",411,12.12944,50.94074,"533","b1"
"soellmnitz","Söllmnitz","Gera","Dorf",342,23,156,350,41,"schafe",506,12.14693,50.93795,"534","b3"
"hirschfeld","Hirschfeld","Gera","Dorf",228,40,210,1,5,"rinder",211,12.18791,50.94162,"536","b4"
"bethenhausen","Bethenhausen","Gera","Dorf",111,21,80,,5,"rinder",80,12.19957,50.92922,"539","b2"
"naundorf","Naundorf","Gera","Dorf",366,27,138,335,17,"schafe",473,12.2668,50.97763,"540","b2"
"caasen","Caasen","Gera","Dorf",108,13,49,126,4,"schafe",175,12.18054,50.9303,"542","b2"
"groitschen","Groitschen","Gera","Dorf",94,17,98,14,6,"rinder",112,12.16918,50.92254,"543","b2"
"waaswitz","Waaswitz","Gera","Dorf",47,16,86,,7,"rinder",86,12.16613,50.92132,"544","b2"
"culm","Culm","Gera","Dorf",194,14,94,347,12,"schafe",441,,,"546","b2"
"zschippach","Zschippach","Gera","Dorf",170,29,133,337,11,"schafe",470,12.15008,50.9193,"547","b2"
"dorna","Dorna","Gera","Dorf",285,21,129,329,7,"schafe",458,12.12648,50.91726,"549","b2"
"negis","Negis","Gera","Dorf",93,26,114,227,5,"schafe",341,12.11439,50.9286,"552","b2"
"schwaara","Schwaara","Gera","Dorf",185,39,191,306,9,"schafe",497,12.14307,50.90347,"553","b2"
"trebnitz","Trebnitz","Gera","Dorf",256,52,237,391,15,"schafe",628,12.12944,50.89556,"555","b3"
"laasen","Laasen","Gera","Dorf",119,14,57,233,16,"schafe",290,12.12078,50.89216,"558","b2"
"leumnitz","Leumnitz","Gera","Dorf",387,33,148,222,15,"schafe",370,12.10744,50.88015,"559","b2"
"zschippern","Zschippern","Gera","Dorf",107,,17,400,3,"schafe",417,12.10913,50.86584,"560","b2"
"collis","Collis","Gera","Dorf",76,12,69,276,3,"schafe",345,12.11874,50.85762,"561","b2"
"kaimberg","Kaimberg","Gera","Dorf",319,12,86,341,20,"schafe",427,12.12257,50.84847,"562","b2"
"lichtenberg","Lichtenberg","Gera","Dorf",125,5,82,390,10,"schafe",472,12.15,50.83333,"563","b2"
"pohlen","Pohlen","Gera","Dorf",126,19,142,10,6,"rinder",152,12.16456,50.80725,"564","b2"
"kleinfalke","Kleinfalke","Gera","Dorf",181,,14,,5,"rinder",14,,,"565","b2"
"wuestfalke","Wüstfalke","Gera","Dorf",176,11,52,294,13,"schafe",346,,,"565","b2"
"otticha","Otticha","Gera","Dorf",85,18,93,184,2,"schafe",277,12.11957,50.82454,"568","b2"
"schleiz","Schleiz","Schleiz","Stadt",4953,126,347,58,177,,,11.81024,50.57866,"579","b1"
"oberboehmsdorf","Oberböhmsdorf","Schleiz","Dorf",682,3,378,401,73,"schafe",779,11.83176,50.56123,"594","b2"
"oschitz","Oschitz","Schleiz","Dorf",754,21,388,467,56,"schafe",855,11.78783,50.56536,"596","b3"
"goerkwitz","Görkwitz","Schleiz","Dorf",304,13,216,48,38,"rinder",264,11.78333,50.58333,"600","b6"
"oettersdorf","Oettersdorf","Schleiz","Dorf",776,43,468,389,56,"rinder",857,11.81667,50.6,"602","b2"
"poermitz","Pörmitz","Schleiz","Dorf",252,7,203,22,33,"rinder",225,11.81667,50.61667,"604","b2"
"loehma","Löhma","Schleiz","Dorf",459,9,292,192,38,"rinder",484,11.85202,50.61167,"606","b3"
"goeschitz","Göschitz","Schleiz","Dorf",278,,201,219,31,"schafe",420,11.86667,50.63333,"609","b2"
"roedersdorf","Rödersdorf","Schleiz","Dorf",109,1,118,2,9,"rinder",120,11.85167,50.63056,"611","b2"
"dittersdorf","Dittersdorf","Schleiz","Dorf",363,6,228,38,42,"rinder",266,11.81667,50.65,"614","b2"
"dragensdorf","Dragensdorf","Schleiz","Dorf",106,,91,53,7,"rinder",144,11.83354,50.64592,"616","b2"
"tegau","Tegau","Schleiz","Dorf",350,9,266,200,42,"rinder",466,11.86667,50.65,"617","b2"
"burkersdorf","Burkersdorf","Schleiz","Dorf",154,1,102,12,27,"rinder",114,11.88084,50.65239,"619","b2"
"pahren","Pahren","Schleiz","Dorf",354,9,173,530,48,"schafe",703,11.89638,50.6452,"620","b2"
"kirschkau","Kirschkau","Schleiz","Dorf",294,7,179,358,51,"schafe",537,11.88708,50.60487,"622","b4"
"loessau","Lössau","Schleiz","Dorf",306,6,252,91,66,"rinder",343,11.88422,50.58783,"625","b2"
"leitlitz","Leitlitz","Schleiz","Dorf",229,5,242,73,27,"rinder",315,11.96139,50.61553,"626","b2"
"weckersdorf","Weckersdorf","Schleiz","Dorf",306,6,227,93,46,"rinder",320,11.91791,50.61598,"628","b2"
"hohenleuben","Hohenleuben","Schleiz","Marktflecken",2536,32,267,39,83,"rinder",306,12.05427,50.71128,"633","b2"
"langenwetzendorf","Langenwetzendorf","Schleiz","Dorf",2135,49,384,37,156,"rinder",421,12.09407,50.67884,"642","b3"
"hirschbach","Hirschbach","Schleiz","Dorf",99,1,18,,12,"rinder",18,12.07535,50.67122,"645","b2"
"goettendorf","Göttendorf","Schleiz","Dorf",287,8,114,17,36,"rinder",131,12.06667,50.66667,"646","b2"
"neuaergerniss","Neuärgerniß","Schleiz","Dorf",175,,20,,10,"rinder",20,,,"647","b2"
"poellwitz","Pöllwitz","Schleiz","Dorf",137,1,30,,8,"rinder",30,12.03802,50.62381,"648","b2"
"niederboehmsdorf","Niederböhmsdorf","Schleiz","Dorf",430,5,175,,40,"rinder",175,,,"649","b2"
"triebes","Triebes","Schleiz","Dorf",1760,17,243,4,135,"rinder",247,12.02042,50.68489,"650","b2"
"weissendorf","Weißendorf","Schleiz","Dorf",442,9,138,15,61,"rinder",153,12.0,50.68333,"654","b5"
"langenwolschendorf","Langenwolschendorf","Schleiz","Dorf",698,14,281,305,68,"schafe",586,11.95416,50.63546,"655","b2"
"kleinwolschendorf","Kleinwolschendorf","Schleiz","Dorf",206,5,197,68,19,"rinder",265,11.94807,50.64906,"659","b2"
"saalburg","Saalburg","Schleiz","Stadt",1214,17,219,34,92,,,11.73176,50.50241,"662","b4"
"graefenwarth","Gräfenwarth","Schleiz","Dorf",387,4,298,152,63,"rinder",450,11.75311,50.52975,"672","b4"
"kulm","Kulm","Schleiz","Dorf",233,5,190,18,39,"rinder",208,11.75415,50.50727,"675","b3"
"wernsdorf-schleiz","Wernsdorf","Schleiz","Dorf",174,3,193,2,16,"rinder",195,,,"677","b3"
"raila","Raila","Schleiz","Dorf",147,,132,5,25,"rinder",137,11.79251,50.51814,"678","b2"
"kuensdorf","Künsdorf","Schleiz","Dorf",327,4,311,218,54,"rinder",529,11.77404,50.4777,"679","b2"
"seubtendorf","Seubtendorf","Schleiz","Dorf",379,8,293,103,67,"rinder",396,11.80889,50.47318,"681","b2"
"tanna","Tanna","Schleiz","Stadt",1801,28,386,4,103,,,11.85725,50.4946,"684","b1"
"frankendorf","Frankendorf","Schleiz","Dorf",245,13,122,290,34,"schafe",412,11.86047,50.50366,"690","b2"
"schilbach","Schilbach","Schleiz","Dorf",336,11,306,563,39,"schafe",869,11.82519,50.48855,"691","b2"
"zollgruen","Zollgrün","Schleiz","Dorf",457,6,295,96,63,"rinder",391,11.83017,50.51418,"693","b2"
"mielesdorf","Mielesdorf","Schleiz","Dorf",426,2,272,121,52,"rinder",393,11.86443,50.52939,"695","b3"
"unterkoskau","Unterkoskau","Schleiz","Dorf",482,14,392,61,51,"rinder",453,11.91173,50.50202,"698","b2"
"oberkoskau","Oberkoskau","Schleiz","Dorf",137,4,142,109,21,"rinder",251,11.91863,50.49075,"699","b2"
"willersdorf","Willersdorf","Schleiz","Dorf",212,5,243,29,22,"rinder",272,11.89817,50.47813,"700","b2"
"stelzen","Stelzen","Schleiz","Dorf",325,5,265,4,35,"rinder",269,11.94502,50.4867,"702","b4"
"spielmes","Spielmes","Schleiz","Dorf",154,9,199,38,14,"rinder",237,11.92935,50.46781,"704","b2"
"lobenstein","Lobenstein","Lobenstein-Ebersdorf","Stadt",2843,48,411,593,247,,,11.6393,50.45223,"713","b3"
"saaldorf","Saaldorf","Lobenstein-Ebersdorf","Dorf",831,13,106,234,113,"schafe",340,11.69994,50.45485,"723","b3"
"poeritzsch","Pöritzsch","Lobenstein-Ebersdorf","Dorf",163,7,106,270,32,"schafe",376,11.71693,50.4962,"730","b1"
"ebersdorf","Ebersdorf","Lobenstein-Ebersdorf","Marktflecken",1008,12,138,469,38,"schafe",607,11.66757,50.48461,"731","b3"
"schoenbrunn","Schönbrunn","Lobenstein-Ebersdorf","Dorf",561,,287,264,46,"rinder",551,11.65292,50.47462,"740","b2"
"unterlemnitz","Unterlemnitz","Lobenstein-Ebersdorf","Dorf",372,4,285,318,32,"schafe",603,11.62128,50.47193,"742","b2"
"helmsgruen","Helmsgrün","Lobenstein-Ebersdorf","Dorf",456,,286,6,64,"rinder",292,11.5892,50.45972,"743","b2"
"heinersdorf","Heinersdorf","Lobenstein-Ebersdorf","Dorf",605,5,280,261,68,"rinder",541,11.57588,50.47274,"744","b2"
"oberlemnitz","Oberlemnitz","Lobenstein-Ebersdorf","Dorf",238,,211,17,30,"rinder",228,11.60617,50.48605,"747","b6"
"eliasbrunn","Eliasbrunn","Lobenstein-Ebersdorf","Dorf",267,,231,192,41,"rinder",423,11.60109,50.49648,"749","b1"
"ruppersdorf","Ruppersdorf","Lobenstein-Ebersdorf","Dorf",426,6,191,190,79,"rinder",381,11.57618,50.5107,"750","b2"
"thierbach","Thierbach","Lobenstein-Ebersdorf","Dorf",179,4,158,183,32,"schafe",341,11.55238,50.49668,"752","b2"
"lueckenmuehle","Lückenmühle","Lobenstein-Ebersdorf","Dorf",124,4,119,186,11,"schafe",305,11.61907,50.53577,"753","b2"
"karolinenfield","Karolinenfield","Lobenstein-Ebersdorf","Dorf",64,2,46,,12,"rinder",46,11.67592,50.54828,"755","b2"
"thimmendorf","Thimmendorf","Lobenstein-Ebersdorf","Dorf",358,,316,432,41,"schafe",748,11.57045,50.53838,"755","b4"
"lothra","Lothra","Lobenstein-Ebersdorf","Dorf",273,1,163,332,43,"schafe",495,11.55844,50.56832,"758","b1"
"altengesees","Altengesees","Lobenstein-Ebersdorf","Dorf",245,4,147,307,59,"schafe",454,11.54025,50.54845,"761","b2"
"gahma","Gahma","Lobenstein-Ebersdorf","Dorf",294,9,273,330,40,"schafe",603,11.53763,50.5231,"763","b2"
"weitisberga","Weitisberga","Lobenstein-Ebersdorf","Dorf",265,,72,43,63,"rinder",115,11.49633,50.50376,"765","b2"
"wurzbach","Wurzbach","Lobenstein-Ebersdorf","Marktflecken",1861,18,449,119,214,"rinder",568,11.53779,50.46357,"766","b3"
"ossla","Oßla","Lobenstein-Ebersdorf","Dorf",532,4,168,58,30,"rinder",226,11.50703,50.46393,"770","b7"
"roettersdorf","Röttersdorf","Lobenstein-Ebersdorf","Dorf",276,,120,21,54,"rinder",141,11.47843,50.46702,"772","b3"
"grumbach","Grumbach","Lobenstein-Ebersdorf","Dorf",420,1,212,13,16,"rinder",225,11.49899,50.42997,"774","b4"
"titschendorf","Titschendorf","Lobenstein-Ebersdorf","Dorf",466,3,264,21,23,"rinder",285,11.52678,50.38652,"776","b3"
"neundorf-lobenstein","Neundorf","Lobenstein-Ebersdorf","Dorf",716,8,588,242,68,"rinder",830,11.60165,50.43785,"778","b2"
"lichtenbrunn","Lichtenbrunn","Lobenstein-Ebersdorf","Dorf",469,,267,11,96,"rinder",278,11.64105,50.42184,"780","b4"
"schlegel","Schlegel","Lobenstein-Ebersdorf","Dorf",335,,231,82,82,"rinder",313,11.61667,50.4,"782","b2"
"seibis","Seibis","Lobenstein-Ebersdorf","Dorf",189,,175,14,43,"rinder",189,11.639,50.39872,"783","b1"
"blankenstein","Blankenstein","Lobenstein-Ebersdorf","Dorf",167,4,25,8,18,"rinder",33,11.69898,50.40213,"783","b2"
"kiessling","Kießling","Lobenstein-Ebersdorf","Dorf",190,1,140,463,24,"schafe",603,11.67167,50.40791,"785","b3"
"harra","Harra","Lobenstein-Ebersdorf","Dorf",814,8,264,389,94,"schafe",653,11.68333,50.41667,"786","b8"
"langgruen","Langgrün","Lobenstein-Ebersdorf","Dorf",396,1,282,82,57,"rinder",364,11.7707,50.45916,"790","b6"
"blintendorf","Blintendorf","Lobenstein-Ebersdorf","Dorf",299,,74,29,52,"rinder",103,11.80597,50.44775,"792","b3"
"goettengruen","Göttengrün","Lobenstein-Ebersdorf","Dorf",126,2,104,47,16,"rinder",151,11.83122,50.45951,"794","b2"
"froessen","Frössen","Lobenstein-Ebersdorf","Dorf",422,8,204,48,38,"rinder",252,11.76774,50.44045,"795","b2"
"lerchenhuegel","Lerchenhügel","Lobenstein-Ebersdorf","Dorf",211,1,30,,24,"rinder",30,11.73333,50.43333,"798","b3"
"pirk","Pirk","Lobenstein-Ebersdorf","Dorf",207,,64,195,18,"schafe",259,11.75153,50.43038,"799","b2"
"pottiga","Pottiga","Lobenstein-Ebersdorf","Dorf",463,4,172,218,55,"schafe",390,11.74052,50.41459,"800","b3"
"goeritz","Göritz","Lobenstein-Ebersdorf","Dorf",607,8,155,202,44,"schafe",357,11.79425,50.43111,"805","b2"
"ullersreuth","Ullersreuth","Lobenstein-Ebersdorf","Dorf",277,,319,181,19,"rinder",500,11.81528,50.42607,"807","b2"
"hirschberg","Hirschberg","Lobenstein-Ebersdorf","Stadt",1828,32,243,630,81,,,11.81829,50.40538,"809","b1"
"venzka","Venzka","Lobenstein-Ebersdorf","Dorf",311,3,217,34,33,"rinder",251,11.83543,50.40164,"817","b3"
"moedlareuth","Mödlareuth","Lobenstein-Ebersdorf","Dorf",94,5,76,2,8,"rinder",78,11.88359,50.41504,"819","b5"
"gebersreuth","Gebersreuth","Lobenstein-Ebersdorf","Dorf",444,6,245,33,50,"rinder",278,11.89368,50.42897,"820","b2"
"dobareuth","Dobareuth","Lobenstein-Ebersdorf","Dorf",387,11,134,407,46,"schafe",541,11.85653,50.42646,"822","b4"
"rothenacker","Rothenacker","Lobenstein-Ebersdorf","Dorf",265,13,297,70,44,"rinder",367,11.9068,50.45942,"824","b2"
