landestheil_de,landestheil_en,lt_nr,jahr,stufe_de,stufe_en,stufe_nr,anzahl
"Gera","Gera",1,1843,"ganz veredelt","fully improved",1,3615
"Gera","Gera",1,1843,"halb veredelt","half improved",2,15050
"Gera","Gera",1,1843,"unveredelt","unimproved",3,2744
"Gera","Gera",1,1849,"ganz veredelt","fully improved",1,1547
"Gera","Gera",1,1849,"halb veredelt","half improved",2,13271
"Gera","Gera",1,1849,"unveredelt","unimproved",3,4541
"Gera","Gera",1,1858,"ganz veredelt","fully improved",1,1820
"Gera","Gera",1,1858,"halb veredelt","half improved",2,8478
"Gera","Gera",1,1858,"unveredelt","unimproved",3,4867
"Gera","Gera",1,1861,"ganz veredelt","fully improved",1,2226
"Gera","Gera",1,1861,"halb veredelt","half improved",2,9977
"Gera","Gera",1,1861,"unveredelt","unimproved",3,5225
"Gera","Gera",1,1864,"ganz veredelt","fully improved",1,1249
"Gera","Gera",1,1864,"halb veredelt","half improved",2,9074
"Gera","Gera",1,1864,"unveredelt","unimproved",3,7130
"Gera","Gera",1,1867,"ganz veredelt","fully improved",1,1389
"Gera","Gera",1,1867,"halb veredelt","half improved",2,7673
"Gera","Gera",1,1867,"unveredelt","unimproved",3,7351
"Schleiz","Schleiz",2,1843,"ganz veredelt","fully improved",1,0
"Schleiz","Schleiz",2,1843,"halb veredelt","half improved",2,1002
"Schleiz","Schleiz",2,1843,"unveredelt","unimproved",3,5687
"Schleiz","Schleiz",2,1849,"ganz veredelt","fully improved",1,24
"Schleiz","Schleiz",2,1849,"halb veredelt","half improved",2,3965
"Schleiz","Schleiz",2,1849,"unveredelt","unimproved",3,2893
"Schleiz","Schleiz",2,1858,"ganz veredelt","fully improved",1,0
"Schleiz","Schleiz",2,1858,"halb veredelt","half improved",2,2323
"Schleiz","Schleiz",2,1858,"unveredelt","unimproved",3,3287
"Schleiz","Schleiz",2,1861,"ganz veredelt","fully improved",1,307
"Schleiz","Schleiz",2,1861,"halb veredelt","half improved",2,2118
"Schleiz","Schleiz",2,1861,"unveredelt","unimproved",3,4207
"Schleiz","Schleiz",2,1864,"ganz veredelt","fully improved",1,470
"Schleiz","Schleiz",2,1864,"halb veredelt","half improved",2,3117
"Schleiz","Schleiz",2,1864,"unveredelt","unimproved",3,4100
"Schleiz","Schleiz",2,1867,"ganz veredelt","fully improved",1,26
"Schleiz","Schleiz",2,1867,"halb veredelt","half improved",2,2948
"Schleiz","Schleiz",2,1867,"unveredelt","unimproved",3,2604
"Lobenstein-Ebersdorf","Lobenstein-Ebersdorf",3,1849,"ganz veredelt","fully improved",1,333
"Lobenstein-Ebersdorf","Lobenstein-Ebersdorf",3,1849,"halb veredelt","half improved",2,2197
"Lobenstein-Ebersdorf","Lobenstein-Ebersdorf",3,1849,"unveredelt","unimproved",3,4648
"Lobenstein-Ebersdorf","Lobenstein-Ebersdorf",3,1858,"ganz veredelt","fully improved",1,616
"Lobenstein-Ebersdorf","Lobenstein-Ebersdorf",3,1858,"halb veredelt","half improved",2,3998
"Lobenstein-Ebersdorf","Lobenstein-Ebersdorf",3,1858,"unveredelt","unimproved",3,2904
"Lobenstein-Ebersdorf","Lobenstein-Ebersdorf",3,1861,"ganz veredelt","fully improved",1,468
"Lobenstein-Ebersdorf","Lobenstein-Ebersdorf",3,1861,"halb veredelt","half improved",2,4846
"Lobenstein-Ebersdorf","Lobenstein-Ebersdorf",3,1861,"unveredelt","unimproved",3,2795
"Lobenstein-Ebersdorf","Lobenstein-Ebersdorf",3,1864,"ganz veredelt","fully improved",1,1269
"Lobenstein-Ebersdorf","Lobenstein-Ebersdorf",3,1864,"halb veredelt","half improved",2,2504
"Lobenstein-Ebersdorf","Lobenstein-Ebersdorf",3,1864,"unveredelt","unimproved",3,4922
"Lobenstein-Ebersdorf","Lobenstein-Ebersdorf",3,1867,"ganz veredelt","fully improved",1,1161
"Lobenstein-Ebersdorf","Lobenstein-Ebersdorf",3,1867,"halb veredelt","half improved",2,2654
"Lobenstein-Ebersdorf","Lobenstein-Ebersdorf",3,1867,"unveredelt","unimproved",3,4311
"Fürstentum","Principality",4,1849,"ganz veredelt","fully improved",1,1904
"Fürstentum","Principality",4,1849,"halb veredelt","half improved",2,19433
"Fürstentum","Principality",4,1849,"unveredelt","unimproved",3,12082
"Fürstentum","Principality",4,1858,"ganz veredelt","fully improved",1,2436
"Fürstentum","Principality",4,1858,"halb veredelt","half improved",2,14799
"Fürstentum","Principality",4,1858,"unveredelt","unimproved",3,11058
"Fürstentum","Principality",4,1861,"ganz veredelt","fully improved",1,3001
"Fürstentum","Principality",4,1861,"halb veredelt","half improved",2,16941
"Fürstentum","Principality",4,1861,"unveredelt","unimproved",3,12227
"Fürstentum","Principality",4,1864,"ganz veredelt","fully improved",1,2988
"Fürstentum","Principality",4,1864,"halb veredelt","half improved",2,14695
"Fürstentum","Principality",4,1864,"unveredelt","unimproved",3,16152
"Fürstentum","Principality",4,1867,"ganz veredelt","fully improved",1,2576
"Fürstentum","Principality",4,1867,"halb veredelt","half improved",2,13275
"Fürstentum","Principality",4,1867,"unveredelt","unimproved",3,14266
