month,month_label,direction,dir_index,count,month_share,season,season_order
1,"Januar","N",1,121,11.0,"Winter",1
1,"Januar","NO",2,67,6.1,"Winter",1
1,"Januar","O",3,47,4.3,"Winter",1
1,"Januar","SO",4,29,2.6,"Winter",1
1,"Januar","S",5,458,41.7,"Winter",1
1,"Januar","SW",6,158,14.4,"Winter",1
1,"Januar","W",7,124,11.3,"Winter",1
1,"Januar","NW",8,95,8.6,"Winter",1
2,"Februar","N",1,175,17.6,"Winter",1
2,"Februar","NO",2,53,5.3,"Winter",1
2,"Februar","O",3,80,8.0,"Winter",1
2,"Februar","SO",4,22,2.2,"Winter",1
2,"Februar","S",5,321,32.2,"Winter",1
2,"Februar","SW",6,112,11.2,"Winter",1
2,"Februar","W",7,135,13.5,"Winter",1
2,"Februar","NW",8,99,9.9,"Winter",1
3,"März","N",1,186,17.1,"Frühling",2
3,"März","NO",2,66,6.1,"Frühling",2
3,"März","O",3,91,8.4,"Frühling",2
3,"März","SO",4,33,3.0,"Frühling",2
3,"März","S",5,262,24.1,"Frühling",2
3,"März","SW",6,137,12.6,"Frühling",2
3,"März","W",7,162,14.9,"Frühling",2
3,"März","NW",8,149,13.7,"Frühling",2
4,"April","N",1,240,22.3,"Frühling",2
4,"April","NO",2,112,10.4,"Frühling",2
4,"April","O",3,103,9.6,"Frühling",2
4,"April","SO",4,31,2.9,"Frühling",2
4,"April","S",5,173,16.1,"Frühling",2
4,"April","SW",6,121,11.3,"Frühling",2
4,"April","W",7,162,15.1,"Frühling",2
4,"April","NW",8,133,12.4,"Frühling",2
5,"Mai","N",1,204,18.5,"Frühling",2
5,"Mai","NO",2,113,10.3,"Frühling",2
5,"Mai","O",3,189,17.2,"Frühling",2
5,"Mai","SO",4,39,3.5,"Frühling",2
5,"Mai","S",5,199,18.1,"Frühling",2
5,"Mai","SW",6,83,7.5,"Frühling",2
5,"Mai","W",7,168,15.3,"Frühling",2
5,"Mai","NW",8,106,9.6,"Frühling",2
6,"Juni","N",1,231,21.8,"Sommer",3
6,"Juni","NO",2,71,6.7,"Sommer",3
6,"Juni","O",3,138,13.0,"Sommer",3
6,"Juni","SO",4,42,4.0,"Sommer",3
6,"Juni","S",5,128,12.1,"Sommer",3
6,"Juni","SW",6,79,7.5,"Sommer",3
6,"Juni","W",7,192,18.1,"Sommer",3
6,"Juni","NW",8,177,16.7,"Sommer",3
7,"Juli","N",1,177,16.1,"Sommer",3
7,"Juli","NO",2,62,5.6,"Sommer",3
7,"Juli","O",3,62,5.6,"Sommer",3
7,"Juli","SO",4,39,3.5,"Sommer",3
7,"Juli","S",5,175,15.9,"Sommer",3
7,"Juli","SW",6,154,14.0,"Sommer",3
7,"Juli","W",7,249,22.6,"Sommer",3
7,"Juli","NW",8,183,16.6,"Sommer",3
8,"August","N",1,173,16.0,"Sommer",3
8,"August","NO",2,65,6.0,"Sommer",3
8,"August","O",3,119,11.0,"Sommer",3
8,"August","SO",4,39,3.6,"Sommer",3
8,"August","S",5,189,17.5,"Sommer",3
8,"August","SW",6,147,13.6,"Sommer",3
8,"August","W",7,211,19.5,"Sommer",3
8,"August","NW",8,137,12.7,"Sommer",3
9,"September","N",1,141,14.2,"Herbst",4
9,"September","NO",2,92,9.3,"Herbst",4
9,"September","O",3,91,9.2,"Herbst",4
9,"September","SO",4,57,5.7,"Herbst",4
9,"September","S",5,262,26.4,"Herbst",4
9,"September","SW",6,136,13.7,"Herbst",4
9,"September","W",7,117,11.8,"Herbst",4
9,"September","NW",8,97,9.8,"Herbst",4
10,"October","N",1,140,12.5,"Herbst",4
10,"October","NO",2,67,6.0,"Herbst",4
10,"October","O",3,120,10.7,"Herbst",4
10,"October","SO",4,35,3.1,"Herbst",4
10,"October","S",5,349,31.1,"Herbst",4
10,"October","SW",6,175,15.6,"Herbst",4
10,"October","W",7,159,14.2,"Herbst",4
10,"October","NW",8,78,6.9,"Herbst",4
11,"November","N",1,182,16.8,"Herbst",4
11,"November","NO",2,74,6.8,"Herbst",4
11,"November","O",3,88,8.1,"Herbst",4
11,"November","SO",4,30,2.8,"Herbst",4
11,"November","S",5,313,28.9,"Herbst",4
11,"November","SW",6,182,16.8,"Herbst",4
11,"November","W",7,143,13.2,"Herbst",4
11,"November","NW",8,70,6.5,"Herbst",4
12,"December","N",1,133,13.3,"Winter",1
12,"December","NO",2,37,3.7,"Winter",1
12,"December","O",3,40,4.0,"Winter",1
12,"December","SO",4,24,2.4,"Winter",1
12,"December","S",5,353,35.3,"Winter",1
12,"December","SW",6,136,13.6,"Winter",1
12,"December","W",7,164,16.4,"Winter",1
12,"December","NW",8,114,11.4,"Winter",1
