Bergbau	G
Volkszählung	G
Kartoffelanbau	G
Hexen	P
Pest	P
Hochzeitsbräuche	G
Mundart	G
Schulwesen	G
Wald	G
Kirchenbau	G
Steuern	G
Viehzucht	G
Bienenzucht	G
Armenpflege	G
Auswanderung	G
Klima	G
Niederschlag	G
Hochwasser	G
Brandunglück	P
Tracht	G
Ernährung	G
Aberglaube	G
Sagen	P
Volksmedizin	G
Cholera	G
Eisenbahn	P
Straßenbau	G
Weberei	P
Textilindustrie	P
Porzellan	G
Schiefer	G
Eisenerz	G
Fische	G
Vögel	P
Wölfe	P
Jagd	P
Obstbau	P
Bier	G
Brauerei	P
Rechtspflege	G
Gemeindeverfassung	G
Reformation	P
Bauernkrieg	G
Sorben	G
Seuche	P
Epidemie	G
Armut	G
Arbeiter	P
Bevölkerungsdichte	G
Einwohnerzahl	G
Geburtenrate	P
Sterblichkeit	G
uneheliche Kinder	G
Lebensalter	P
Friedhof	G
Pfarrer	P
Lehrer	P
Gehalt	B
Löhne	G
Preise	P
Getreide	P
Brot	G
Bauernhaus	G
Landwirtschaft	G
Düngung	G
Weinbau	P
Tabak	P
Fischteiche	P
Gasthaus	P
Erdbeben	G
Gewitter	G
Schnee	P
Frost	G
Quellen	P
Mineralquelle	G
Heilquelle	G
Kupfer	G
Alaun	G
Steinbruch	G
Marmor	G
Fossilien	P
Flachs	P
Tal	P
Teil	P
Zentner	G
Prozent	G
Akzise	P
Kultur	P
Medizin	G
Thüringen	P
Vogtland	G
Vogt	G
Militär	P
Konsistorium	G
Katholiken	G
Zimmermann	P
Lehnsherr	P
Leibeigenschaft	G
Fronen	B
Zehnt	P
Kirchspiel	G
Rittergut	G
Taler	G
Elle	G
Klafter	G
Scheffel	G
Morgen	G
Bad Köstritz	G
Bad Lobenstein	G
Gera-Untermhaus	G
Gera	P
Schleiz	P
Hohenleuben	P
Zeulenroda	G
Ebersdorf	P
Lobenstein	P
Saalburg	P
Tanna	P
Hirschberg	G
Burgk	G
Weida	G
Greiz	G
Langenwetzendorf	P
Mühltroff	P
Frankenwald	P
Weiße Elster	G
Saale	P
Osterburg	G
Osterstein	G
Röppisch	P
Napoleon	P
Lola Montez	G
Heinrich Posthumus	G
Luther	G
Kratzsch	G
Heinrich XIV	G
Melanchthon	G
Kaiser Friedrich Barbarossa	G
Brückner	P
Schiller	B
Goethe	B
1806	G
1813	P
1866	P
1848	P
1633	B
1780	B
Dreißigjähriger Krieg	P
Siebenjähriger Krieg	G
Befreiungskriege	G
Rheinbund	G
Hussitenkrieg	G
Stadtbrand	G
potato	G
mining	G
witch	P
plague	P
wedding customs	G
population census	G
church	G
school	G
weather	P
birds	G
mill	G
brewery	P
emigration	G
wolves	G
dialect	G
forest	G
river	G
climate	G
poverty	G
taxes	G
castle	G
legend	G
folk medicine	G
costume	G
farming	P
cattle	G
bees	G
weaver	G
iron	G
slate	G
Thirty Years' War	P
Reformation	P
Slavs	G
floods	G
earthquake	G
fire	P
railway	G
trade	G
court	G
military	G
constitution	G
nobility	G
monastery	P
hospital	P
poor relief	G
mortality	G
birth rate	G
illegitimate children	P
Easter customs	G
Christmas customs	G
funeral	G
baptism	P
mineral spring	G
fish	G
agriculture	P
language	P
women	P
food and drink	G
"Kirche zu Gera"	B
Kirche zu Schleiz	P
"Heinrich Posthumus"	G
Schule Hirschberg	B
Bergbau Saalburg	G
Pest 1633	P
Brand Gera	P
Hochzeit Brauch	G
Einwohner Köstritz	P
Mühlen in Schleiz	P
Gerichte im Voigtland	B
"Weiße Elster"	G
"30jährigen Krieg"	G
Schlietz	G
Köstriz	G
Bergbaau	P
Kartofel	G
Gerra	P
Lobnstein	B
Zeulenrode	G
Reformazion	P
Hexxen	P
Volkszaehlung	G
Schleitz	B
Hohenleuben Schloss	P
Mühle -Papiermühle	P
Pest -Pestalozzi	P
Kirche -Gera	G
Wald -Frankenwald	G
Schule -Schulden	G
Bergbau -Eisen	G
wie viele Einwohner hatte Gera	B
Wann wurde Gera gegründet	P
Was aßen die Leute	B
Wie wurde geheiratet	B
welche Tiere leben im Wald	P
Theil	P
Voigtland	G
Voigt	G
Thal	P
Landwirthschaft	G
Medicin	G
Procent	G
Centner	G
Kirchenbuch	G
Familiennamen	P
Taufe	P
Zwillinge	G
Auswanderer Amerika	G
Schulden	P
Hexenverbrennung	P
Aschermittwoch	G
Fastnacht	G
Johannisfeuer	G
Walpurgisnacht	G
Kirmes	G
Pfingsten	G
Weihnachten	G
Sonnenwende	B
Kobold	P
Irrlicht	G
Wassermann	P
Schatzgräber	P
Räuber	P
Zigeuner	G
Juden	G
Schornstein	P
Dachschiefer	G
