"1) Verfassung:","Seite."
"a) Frühere Hauptverträge und Ordnungen . . . . . . . . . . . .","262—267."
"b) Gegenwärtige Staatsverfassung . . . . . . . . . . . . . . . .","267—269."
"c) Gemeindeverfassung . . . . . . . . . . . . . . . . . . . . . . .","269—271."
"2) Militair . . . . . . . . . . . . . . . . . . . . . . . . . . . . . . . . . . . .","271—272."
"3) Staatsverwaltung . . . . . . . . . . . . . . . . . . . . . . . . . . . . . .","273—280."
"4) Rechtspflege . . . . . . . . . . . . . . . . . . . . . . . . . . . . . . . . .","280—289."
"5) Kirche . . . . . . . . . . . . . . . . . . . . . . . . . . . . . . . . . . . . .","289—296."
"6) Schule . . . . . . . . . . . . . . . . . . . . . . . . . . . . . . . . . . . . .","296—300."
"7) Kunst- und wissenschaftliche Sammlungen . . . . . . . . . . . . .","301—301."
"8) Armenwesen . . . . . . . . . . . . . . . . . . . . . . . . . . . . . . . . .","301—310."
